{
  "files": [
    {
      "filepath": "/home/runner/work/pdf-parse/pdf-parse/test/benchmark/package.bench.ts",
      "groups": [
        {
          "fullName": "test/benchmark/package.bench.ts > Parsing Files",
          "benchmarks": [
            {
              "id": "511157780_0_0",
              "name": "pdf-parse esm build",
              "rank": 1,
              "rme": 1.2728311216850274,
              "samples": [],
              "totalTime": 8424.453031000003,
              "min": 159.5130079999999,
              "max": 195.26595700000053,
              "hz": 5.935103420484603,
              "period": 168.48906062000006,
              "mean": 168.48906062000006,
              "variance": 56.90841057781578,
              "sd": 7.543766339025605,
              "sem": 1.0668496668023641,
              "df": 49,
              "critical": 2.0102,
              "moe": 2.1445812002061126,
              "p75": 172.34884199999988,
              "p99": 195.26595700000053,
              "p995": 195.26595700000053,
              "p999": 195.26595700000053,
              "sampleCount": 50,
              "median": 166.7236565000003
            },
            {
              "id": "511157780_0_1",
              "name": "pdf-parse cjs build",
              "rank": 2,
              "rme": 0,
              "samples": []
            },
            {
              "id": "511157780_0_2",
              "name": "pdf-parse browser build",
              "rank": 3,
              "rme": 1.3276369582517555,
              "samples": [],
              "totalTime": 8234.899760000013,
              "min": 157.97939100000076,
              "max": 211.77704600000106,
              "hz": 6.0717193235148645,
              "period": 164.69799520000026,
              "mean": 164.69799520000026,
              "variance": 59.159808527913654,
              "sd": 7.691541362296224,
              "sem": 1.087748211011295,
              "df": 49,
              "critical": 2.0102,
              "moe": 2.1865914537749056,
              "p75": 166.47495600000002,
              "p99": 211.77704600000106,
              "p995": 211.77704600000106,
              "p999": 211.77704600000106,
              "sampleCount": 50,
              "median": 163.10227300000042
            },
            {
              "id": "511157780_0_3",
              "name": "pdf2json",
              "rank": 4,
              "rme": 1.7745696479527502,
              "samples": [],
              "totalTime": 15352.168971999992,
              "min": 282.1879740000004,
              "max": 357.98010499999873,
              "hz": 3.256868791060882,
              "period": 307.04337943999985,
              "mean": 307.04337943999985,
              "variance": 367.34745902718936,
              "sd": 19.166310522038124,
              "sem": 2.710525628092047,
              "df": 49,
              "critical": 2.0102,
              "moe": 5.448698617590633,
              "p75": 323.81829599999764,
              "p99": 357.98010499999873,
              "p995": 357.98010499999873,
              "p999": 357.98010499999873,
              "sampleCount": 50,
              "median": 299.0447120000008
            }
          ]
        }
      ]
    }
  ]
}