{
  "files": [
    {
      "filepath": "/home/runner/work/pdf-parse/pdf-parse/test/benchmark/package.bench.ts",
      "groups": [
        {
          "fullName": "test/benchmark/package.bench.ts > Parsing Files",
          "benchmarks": [
            {
              "id": "511157780_0_0",
              "name": "pdf-parse esm build",
              "rank": 3,
              "rme": 1.7755873790519632,
              "samples": [],
              "totalTime": 1682.66952,
              "min": 161.74365999999964,
              "max": 175.2267850000003,
              "hz": 5.942937624495629,
              "period": 168.266952,
              "mean": 168.266952,
              "variance": 17.446027531552406,
              "sd": 4.1768442072397685,
              "sem": 1.3208341126558023,
              "df": 9,
              "critical": 2.262,
              "moe": 2.9877267628274247,
              "p75": 171.2677859999999,
              "p99": 175.2267850000003,
              "p995": 175.2267850000003,
              "p999": 175.2267850000003,
              "sampleCount": 10,
              "median": 168.9797054999999
            },
            {
              "id": "511157780_0_1",
              "name": "pdf-parse cjs build",
              "rank": 2,
              "rme": 1.718110431027111,
              "samples": [],
              "totalTime": 1609.664999999999,
              "min": 158.1606380000003,
              "max": 171.21852799999942,
              "hz": 6.212472781603629,
              "period": 160.9664999999999,
              "mean": 160.9664999999999,
              "variance": 14.948167302772873,
              "sd": 3.866285983055686,
              "sem": 1.2226269792039137,
              "df": 9,
              "critical": 2.262,
              "moe": 2.765582226959253,
              "p75": 162.0628969999998,
              "p99": 171.21852799999942,
              "p995": 171.21852799999942,
              "p999": 171.21852799999942,
              "sampleCount": 10,
              "median": 159.70717250000007
            },
            {
              "id": "511157780_0_2",
              "name": "pdf-parse browser build",
              "rank": 1,
              "rme": 1.9321614165489422,
              "samples": [],
              "totalTime": 1597.9395759999998,
              "min": 156.6324250000007,
              "max": 170.78637999999955,
              "hz": 6.258058909231248,
              "period": 159.79395759999997,
              "mean": 159.79395759999997,
              "variance": 18.63040584402471,
              "sd": 4.316295384241527,
              "sem": 1.364932446827487,
              "df": 9,
              "critical": 2.262,
              "moe": 3.0874771947237756,
              "p75": 160.14278600000034,
              "p99": 170.78637999999955,
              "p995": 170.78637999999955,
              "p999": 170.78637999999955,
              "sampleCount": 10,
              "median": 158.25591499999928
            },
            {
              "id": "511157780_0_3",
              "name": "pdf2json",
              "rank": 4,
              "rme": 7.158019257673308,
              "samples": [],
              "totalTime": 3044.247077,
              "min": 282.62799300000006,
              "max": 380.5384759999997,
              "hz": 3.2848844877120333,
              "period": 304.4247077,
              "mean": 304.4247077,
              "variance": 928.0263747929143,
              "sd": 30.463525317876694,
              "sem": 9.63341255626953,
              "df": 9,
              "critical": 2.262,
              "moe": 21.790779202281676,
              "p75": 310.3869109999996,
              "p99": 380.5384759999997,
              "p995": 380.5384759999997,
              "p999": 380.5384759999997,
              "sampleCount": 10,
              "median": 292.0134715000004
            }
          ]
        }
      ]
    }
  ]
}