{
  "files": [
    {
      "filepath": "/home/runner/work/pdf-parse/pdf-parse/test/benchmark/package.bench.ts",
      "groups": [
        {
          "fullName": "test/benchmark/package.bench.ts > Parsing Files",
          "benchmarks": [
            {
              "id": "511157780_0_0",
              "name": "pdf-parse esm build",
              "rank": 3,
              "rme": 1.4122603540531913,
              "samples": [],
              "totalTime": 7994.357094000004,
              "min": 153.0454839999993,
              "max": 200.81149600000026,
              "hz": 6.254411632115665,
              "period": 159.88714188000006,
              "mean": 159.88714188000006,
              "variance": 63.088191843972766,
              "sd": 7.942807554257674,
              "sem": 1.1232826166550676,
              "df": 49,
              "critical": 2.0102,
              "moe": 2.258022716000017,
              "p75": 161.2485970000016,
              "p99": 200.81149600000026,
              "p995": 200.81149600000026,
              "p999": 200.81149600000026,
              "sampleCount": 50,
              "median": 157.11138850000043
            },
            {
              "id": "511157780_0_1",
              "name": "pdf-parse cjs build",
              "rank": 1,
              "rme": 1.5518445835537793,
              "samples": [],
              "totalTime": 7868.210543000008,
              "min": 153.07939700000134,
              "max": 215.0955329999997,
              "hz": 6.354685061711109,
              "period": 157.36421086000016,
              "mean": 157.36421086000016,
              "variance": 73.7903980234879,
              "sd": 8.590133760511993,
              "sem": 1.2148283666715056,
              "df": 49,
              "critical": 2.0102,
              "moe": 2.442047982683061,
              "p75": 157.23094700000001,
              "p99": 215.0955329999997,
              "p995": 215.0955329999997,
              "p999": 215.0955329999997,
              "sampleCount": 50,
              "median": 156.15426000000025
            },
            {
              "id": "511157780_0_2",
              "name": "pdf-parse browser build",
              "rank": 2,
              "rme": 1.5295578772085572,
              "samples": [],
              "totalTime": 7964.050055000018,
              "min": 152.525107999998,
              "max": 206.00048000000243,
              "hz": 6.2782126750457605,
              "period": 159.28100110000037,
              "mean": 159.28100110000037,
              "variance": 73.44314232331651,
              "sd": 8.569897451155207,
              "sem": 1.2119665203570311,
              "df": 49,
              "critical": 2.0102,
              "moe": 2.436295099221704,
              "p75": 159.06575200000225,
              "p99": 206.00048000000243,
              "p995": 206.00048000000243,
              "p999": 206.00048000000243,
              "sampleCount": 50,
              "median": 157.47307249999903
            },
            {
              "id": "511157780_0_3",
              "name": "pdf2json",
              "rank": 4,
              "rme": 2.0039674656903412,
              "samples": [],
              "totalTime": 14261.18462900001,
              "min": 267.2254200000025,
              "max": 367.041917999999,
              "hz": 3.5060201028689706,
              "period": 285.2236925800002,
              "mean": 285.2236925800002,
              "variance": 404.2443849631479,
              "sd": 20.105829626333453,
              "sem": 2.8433936940323545,
              "df": 49,
              "critical": 2.0102,
              "moe": 5.71579000374384,
              "p75": 294.5277199999982,
              "p99": 367.041917999999,
              "p995": 367.041917999999,
              "p999": 367.041917999999,
              "sampleCount": 50,
              "median": 275.5297439999995
            }
          ]
        }
      ]
    }
  ]
}