{
  "files": [
    {
      "filepath": "/home/runner/work/pdf-parse/pdf-parse/test/benchmark/package.bench.ts",
      "groups": [
        {
          "fullName": "test/benchmark/package.bench.ts > Parsing Files",
          "benchmarks": [
            {
              "id": "511157780_0_0",
              "name": "pdf-parse esm build",
              "rank": 3,
              "rme": 1.121264426337364,
              "samples": [],
              "totalTime": 7923.442062000002,
              "min": 152.74445899999955,
              "max": 182.14037899999948,
              "hz": 6.310388794258339,
              "period": 158.46884124000005,
              "mean": 158.46884124000005,
              "variance": 39.065673779804946,
              "sd": 6.250253897227291,
              "sem": 0.8839193829734128,
              "df": 49,
              "critical": 2.0102,
              "moe": 1.7768547436531545,
              "p75": 159.5225989999999,
              "p99": 182.14037899999948,
              "p995": 182.14037899999948,
              "p999": 182.14037899999948,
              "sampleCount": 50,
              "median": 156.81300150000015
            },
            {
              "id": "511157780_0_1",
              "name": "pdf-parse cjs build",
              "rank": 1,
              "rme": 1.3341862568761342,
              "samples": [],
              "totalTime": 7772.757113000011,
              "min": 152.06968899999993,
              "max": 203.4269490000006,
              "hz": 6.432723842145347,
              "period": 155.4551422600002,
              "mean": 155.4551422600002,
              "variance": 53.22731726584077,
              "sd": 7.295705398783641,
              "sem": 1.0317685522038433,
              "df": 49,
              "critical": 2.0102,
              "moe": 2.074061143640166,
              "p75": 156.10754199999974,
              "p99": 203.4269490000006,
              "p995": 203.4269490000006,
              "p999": 203.4269490000006,
              "sampleCount": 50,
              "median": 153.93506350000007
            },
            {
              "id": "511157780_0_2",
              "name": "pdf-parse browser build",
              "rank": 2,
              "rme": 1.8401372212473648,
              "samples": [],
              "totalTime": 7803.874590999978,
              "min": 151.23757900000055,
              "max": 198.4893809999994,
              "hz": 6.407073744837444,
              "period": 156.07749181999955,
              "mean": 156.07749181999955,
              "variance": 102.06396638471426,
              "sd": 10.102671249957323,
              "sem": 1.4287334697886394,
              "df": 49,
              "critical": 2.0102,
              "moe": 2.872040020969123,
              "p75": 154.77682399999685,
              "p99": 198.4893809999994,
              "p995": 198.4893809999994,
              "p999": 198.4893809999994,
              "sampleCount": 50,
              "median": 153.39407349999965
            },
            {
              "id": "511157780_0_3",
              "name": "pdf2json",
              "rank": 4,
              "rme": 1.7565052750091386,
              "samples": [],
              "totalTime": 13936.085730000006,
              "min": 262.74450100000104,
              "max": 328.8405810000004,
              "hz": 3.5878080092723414,
              "period": 278.7217146000001,
              "mean": 278.7217146000001,
              "variance": 296.57326180169673,
              "sd": 17.221302558218316,
              "sem": 2.4354599639562817,
              "df": 49,
              "critical": 2.0102,
              "moe": 4.895761619544918,
              "p75": 291.308266,
              "p99": 328.8405810000004,
              "p995": 328.8405810000004,
              "p999": 328.8405810000004,
              "sampleCount": 50,
              "median": 270.04167349999807
            }
          ]
        }
      ]
    }
  ]
}