{
  "files": [
    {
      "filepath": "/home/runner/work/pdf-parse/pdf-parse/test/benchmark/package.bench.ts",
      "groups": [
        {
          "fullName": "test/benchmark/package.bench.ts > Parsing Files",
          "benchmarks": [
            {
              "id": "511157780_0_0",
              "name": "pdf-parse esm build",
              "rank": 3,
              "rme": 3.215171319788976,
              "samples": [],
              "totalTime": 1683.6715870000003,
              "min": 160.37203399999999,
              "max": 183.9825639999999,
              "hz": 5.939400579787772,
              "period": 168.36715870000003,
              "mean": 168.36715870000003,
              "variance": 57.27140046602163,
              "sd": 7.56778702567809,
              "sem": 2.393144384821393,
              "df": 9,
              "critical": 2.262,
              "moe": 5.413292598465991,
              "p75": 172.78599699999995,
              "p99": 183.9825639999999,
              "p995": 183.9825639999999,
              "p999": 183.9825639999999,
              "sampleCount": 10,
              "median": 166.1606630000001
            },
            {
              "id": "511157780_0_1",
              "name": "pdf-parse cjs build",
              "rank": 1,
              "rme": 1.789812636968405,
              "samples": [],
              "totalTime": 1589.954742,
              "min": 156.454111,
              "max": 169.9914259999996,
              "hz": 6.289487201013675,
              "period": 158.9954742,
              "mean": 158.9954742,
              "variance": 15.82703138791832,
              "sd": 3.9783201716199663,
              "sem": 1.2580553003711052,
              "df": 9,
              "critical": 2.262,
              "moe": 2.84572108943944,
              "p75": 158.60519300000033,
              "p99": 169.9914259999996,
              "p995": 169.9914259999996,
              "p999": 169.9914259999996,
              "sampleCount": 10,
              "median": 158.01400700000022
            },
            {
              "id": "511157780_0_2",
              "name": "pdf-parse browser build",
              "rank": 2,
              "rme": 1.3010423728882485,
              "samples": [],
              "totalTime": 1609.682288,
              "min": 157.59205400000064,
              "max": 165.13282999999956,
              "hz": 6.212406059598763,
              "period": 160.9682288,
              "mean": 160.9682288,
              "variance": 8.571918075222287,
              "sd": 2.927783816339978,
              "sem": 0.9258465356214434,
              "df": 9,
              "critical": 2.262,
              "moe": 2.094264863575705,
              "p75": 163.66329899999982,
              "p99": 165.13282999999956,
              "p995": 165.13282999999956,
              "p999": 165.13282999999956,
              "sampleCount": 10,
              "median": 160.7775059999999
            },
            {
              "id": "511157780_0_3",
              "name": "pdf2json",
              "rank": 4,
              "rme": 5.182350971866642,
              "samples": [],
              "totalTime": 2892.419417000003,
              "min": 268.42476400000123,
              "max": 328.1496580000003,
              "hz": 3.457313258660091,
              "period": 289.24194170000027,
              "mean": 289.24194170000027,
              "variance": 439.1278479976858,
              "sd": 20.955377543668494,
              "sem": 6.6266722266737,
              "df": 9,
              "critical": 2.262,
              "moe": 14.989532576735911,
              "p75": 301.13633800000025,
              "p99": 328.1496580000003,
              "p995": 328.1496580000003,
              "p999": 328.1496580000003,
              "sampleCount": 10,
              "median": 280.5565369999995
            }
          ]
        }
      ]
    }
  ]
}