{
  "files": [
    {
      "filepath": "/home/runner/work/pdf-parse/pdf-parse/test/benchmark/package.bench.ts",
      "groups": [
        {
          "fullName": "test/benchmark/package.bench.ts > Parsing Files",
          "benchmarks": [
            {
              "id": "511157780_0_0",
              "name": "pdf-parse esm build",
              "rank": 3,
              "rme": 1.4304675642861209,
              "samples": [],
              "totalTime": 8148.101892000006,
              "min": 156.76906100000087,
              "max": 208.87978400000065,
              "hz": 6.136398472028333,
              "period": 162.9620378400001,
              "mean": 162.9620378400001,
              "variance": 67.23886751364333,
              "sd": 8.1999309456631,
              "sem": 1.1596453553879593,
              "df": 49,
              "critical": 2.0102,
              "moe": 2.331119093400876,
              "p75": 165.05837599999995,
              "p99": 208.87978400000065,
              "p995": 208.87978400000065,
              "p999": 208.87978400000065,
              "sampleCount": 50,
              "median": 160.3309779999995
            },
            {
              "id": "511157780_0_1",
              "name": "pdf-parse cjs build",
              "rank": 1,
              "rme": 1.318956206610899,
              "samples": [],
              "totalTime": 7948.499748000002,
              "min": 155.7391839999982,
              "max": 208.75728700000036,
              "hz": 6.290495261395835,
              "period": 158.96999496000004,
              "mean": 158.96999496000004,
              "variance": 54.39795077713564,
              "sd": 7.37549664613412,
              "sem": 1.0430527386200148,
              "df": 49,
              "critical": 2.0102,
              "moe": 2.096744615173954,
              "p75": 158.57573299999967,
              "p99": 208.75728700000036,
              "p995": 208.75728700000036,
              "p999": 208.75728700000036,
              "sampleCount": 50,
              "median": 157.533896500001
            },
            {
              "id": "511157780_0_2",
              "name": "pdf-parse browser build",
              "rank": 2,
              "rme": 2.1516727511141087,
              "samples": [],
              "totalTime": 8065.619535000005,
              "min": 155.01888999999937,
              "max": 206.52148400000078,
              "hz": 6.199151817542305,
              "period": 161.3123907000001,
              "mean": 161.3123907000001,
              "variance": 149.06626235453888,
              "sd": 12.20926952583728,
              "sem": 1.7266514550107608,
              "df": 49,
              "critical": 2.0102,
              "moe": 3.4709147548626316,
              "p75": 159.25498000000152,
              "p99": 206.52148400000078,
              "p995": 206.52148400000078,
              "p999": 206.52148400000078,
              "sampleCount": 50,
              "median": 157.37019900000087
            },
            {
              "id": "511157780_0_3",
              "name": "pdf2json",
              "rank": 4,
              "rme": 1.9391864680539261,
              "samples": [],
              "totalTime": 14228.06157300001,
              "min": 266.78375499999675,
              "max": 364.67197600000145,
              "hz": 3.5141821493718357,
              "period": 284.5612314600002,
              "mean": 284.5612314600002,
              "variance": 376.77499619451936,
              "sd": 19.410692831388562,
              "sem": 2.7450865057207916,
              "df": 49,
              "critical": 2.0102,
              "moe": 5.518172893799936,
              "p75": 288.65699099999983,
              "p99": 364.67197600000145,
              "p995": 364.67197600000145,
              "p999": 364.67197600000145,
              "sampleCount": 50,
              "median": 275.6590980000001
            }
          ]
        }
      ]
    }
  ]
}