{
  "files": [
    {
      "filepath": "/home/runner/work/pdf-parse/pdf-parse/test/benchmark/package.bench.ts",
      "groups": [
        {
          "fullName": "test/benchmark/package.bench.ts > Parsing Files",
          "benchmarks": [
            {
              "id": "511157780_0_0",
              "name": "pdf-parse esm build",
              "rank": 3,
              "rme": 1.7142973900038723,
              "samples": [],
              "totalTime": 1684.2896699999997,
              "min": 162.787104,
              "max": 173.92276200000015,
              "hz": 5.93722100070827,
              "period": 168.42896699999997,
              "mean": 168.42896699999997,
              "variance": 16.293736805002652,
              "sd": 4.036550111791336,
              "sem": 1.2764692242667917,
              "df": 9,
              "critical": 2.262,
              "moe": 2.887373385291483,
              "p75": 171.24827099999993,
              "p99": 173.92276200000015,
              "p995": 173.92276200000015,
              "p999": 173.92276200000015,
              "sampleCount": 10,
              "median": 169.17224299999998
            },
            {
              "id": "511157780_0_1",
              "name": "pdf-parse cjs build",
              "rank": 2,
              "rme": 1.8264476651202444,
              "samples": [],
              "totalTime": 1635.188282,
              "min": 160.2599850000006,
              "max": 172.25844899999993,
              "hz": 6.115503706869152,
              "period": 163.5188282,
              "mean": 163.5188282,
              "variance": 17.43270561402878,
              "sd": 4.175249167897502,
              "sem": 1.3203297169278885,
              "df": 9,
              "critical": 2.262,
              "moe": 2.986585819690884,
              "p75": 166.31227200000012,
              "p99": 172.25844899999993,
              "p995": 172.25844899999993,
              "p999": 172.25844899999993,
              "sampleCount": 10,
              "median": 161.24220749999995
            },
            {
              "id": "511157780_0_2",
              "name": "pdf-parse browser build",
              "rank": 1,
              "rme": 1.4539615315785874,
              "samples": [],
              "totalTime": 1621.6684320000013,
              "min": 158.82490700000017,
              "max": 169.8495700000003,
              "hz": 6.166488662338339,
              "period": 162.16684320000013,
              "mean": 162.16684320000013,
              "variance": 10.865375920518174,
              "sd": 3.2962669674221132,
              "sem": 1.042371139302992,
              "df": 9,
              "critical": 2.262,
              "moe": 2.357843517103368,
              "p75": 163.14504399999987,
              "p99": 169.8495700000003,
              "p995": 169.8495700000003,
              "p999": 169.8495700000003,
              "sampleCount": 10,
              "median": 161.49443349999956
            },
            {
              "id": "511157780_0_3",
              "name": "pdf2json",
              "rank": 4,
              "rme": 7.838997045976876,
              "samples": [],
              "totalTime": 2950.221768999996,
              "min": 269.96518399999877,
              "max": 366.6245319999998,
              "hz": 3.389575693962013,
              "period": 295.02217689999964,
              "mean": 295.02217689999964,
              "variance": 1045.3100524097435,
              "sd": 32.3312550391992,
              "sem": 10.224040553566596,
              "df": 9,
              "critical": 2.262,
              "moe": 23.12677973216764,
              "p75": 310.0773680000002,
              "p99": 366.6245319999998,
              "p995": 366.6245319999998,
              "p999": 366.6245319999998,
              "sampleCount": 10,
              "median": 280.17475000000013
            }
          ]
        }
      ]
    }
  ]
}