{
  "files": [
    {
      "filepath": "/home/runner/work/pdf-parse/pdf-parse/test/benchmark/package.bench.ts",
      "groups": [
        {
          "fullName": "test/benchmark/package.bench.ts > Parsing Files",
          "benchmarks": [
            {
              "id": "511157780_0_0",
              "name": "pdf-parse esm build",
              "rank": 3,
              "rme": 1.4349416628171134,
              "samples": [],
              "totalTime": 8015.178675000004,
              "min": 154.54061199999887,
              "max": 205.5824189999994,
              "hz": 6.23816411678433,
              "period": 160.30357350000008,
              "mean": 160.30357350000008,
              "variance": 65.47060666492314,
              "sd": 8.091390898042384,
              "sem": 1.1442954746473757,
              "df": 49,
              "critical": 2.0102,
              "moe": 2.3002627631361547,
              "p75": 160.73120599999993,
              "p99": 205.5824189999994,
              "p995": 205.5824189999994,
              "p999": 205.5824189999994,
              "sampleCount": 50,
              "median": 157.9728614999999
            },
            {
              "id": "511157780_0_1",
              "name": "pdf-parse cjs build",
              "rank": 1,
              "rme": 1.273540420040356,
              "samples": [],
              "totalTime": 7869.589987000003,
              "min": 153.76767499999914,
              "max": 203.9167809999999,
              "hz": 6.3535711622329,
              "period": 157.39179974000007,
              "mean": 157.39179974000007,
              "variance": 49.714278001559336,
              "sd": 7.050835269778988,
              "sem": 0.9971386864580004,
              "df": 49,
              "critical": 2.0102,
              "moe": 2.004448187517873,
              "p75": 157.50770600000033,
              "p99": 203.9167809999999,
              "p995": 203.9167809999999,
              "p999": 203.9167809999999,
              "sampleCount": 50,
              "median": 156.1994725000004
            },
            {
              "id": "511157780_0_2",
              "name": "pdf-parse browser build",
              "rank": 2,
              "rme": 1.8490016277764285,
              "samples": [],
              "totalTime": 7933.448883000005,
              "min": 153.36567500000092,
              "max": 205.65882799999963,
              "hz": 6.302429212992255,
              "period": 158.66897766000008,
              "mean": 158.66897766000008,
              "variance": 106.50012095076238,
              "sd": 10.319889580357067,
              "sem": 1.4594527806733752,
              "df": 49,
              "critical": 2.0102,
              "moe": 2.933791979709619,
              "p75": 158.3230999999978,
              "p99": 205.65882799999963,
              "p995": 205.65882799999963,
              "p999": 205.65882799999963,
              "sampleCount": 50,
              "median": 155.13620100000117
            },
            {
              "id": "511157780_0_3",
              "name": "pdf2json",
              "rank": 4,
              "rme": 1.914385690260928,
              "samples": [],
              "totalTime": 13886.127490999996,
              "min": 260.84099300000526,
              "max": 321.3380909999978,
              "hz": 3.6007158966678405,
              "period": 277.7225498199999,
              "mean": 277.7225498199999,
              "variance": 349.76200799298977,
              "sd": 18.7019252482997,
              "sem": 2.6448516328633245,
              "df": 49,
              "critical": 2.0102,
              "moe": 5.316680752381855,
              "p75": 286.86399099999835,
              "p99": 321.3380909999978,
              "p995": 321.3380909999978,
              "p999": 321.3380909999978,
              "sampleCount": 50,
              "median": 268.5582705000015
            }
          ]
        }
      ]
    }
  ]
}