{
  "files": [
    {
      "filepath": "/home/runner/work/pdf-parse/pdf-parse/test/benchmark/package.bench.ts",
      "groups": [
        {
          "fullName": "test/benchmark/package.bench.ts > Parsing Files",
          "benchmarks": [
            {
              "id": "511157780_0_0",
              "name": "pdf-parse esm build",
              "rank": 3,
              "rme": 1.7092313006468602,
              "samples": [],
              "totalTime": 1663.2598210000006,
              "min": 160.83722100000023,
              "max": 174.34877800000004,
              "hz": 6.012289766001626,
              "period": 166.32598210000006,
              "mean": 166.32598210000006,
              "variance": 15.795619607752494,
              "sd": 3.9743703410417726,
              "sem": 1.256806254271218,
              "df": 9,
              "critical": 2.262,
              "moe": 2.842895747161495,
              "p75": 167.85372900000038,
              "p99": 174.34877800000004,
              "p995": 174.34877800000004,
              "p999": 174.34877800000004,
              "sampleCount": 10,
              "median": 166.70585499999993
            },
            {
              "id": "511157780_0_1",
              "name": "pdf-parse cjs build",
              "rank": 1,
              "rme": 0.9574369246409291,
              "samples": [],
              "totalTime": 1609.1115009999976,
              "min": 158.308137,
              "max": 164.55094599999939,
              "hz": 6.214609735736402,
              "period": 160.91115009999976,
              "mean": 160.91115009999976,
              "variance": 4.638818940613699,
              "sd": 2.1537917588786755,
              "sem": 0.6810887563756796,
              "df": 9,
              "critical": 2.262,
              "moe": 1.5406227669217871,
              "p75": 162.2665360000001,
              "p99": 164.55094599999939,
              "p995": 164.55094599999939,
              "p999": 164.55094599999939,
              "sampleCount": 10,
              "median": 160.352077
            },
            {
              "id": "511157780_0_2",
              "name": "pdf-parse browser build",
              "rank": 2,
              "rme": 6.336091546644399,
              "samples": [],
              "totalTime": 1658.4207789999982,
              "min": 156.31113799999912,
              "max": 206.2128729999995,
              "hz": 6.029832794322466,
              "period": 165.84207789999982,
              "mean": 165.84207789999982,
              "variance": 215.79786663591202,
              "sd": 14.69006013043895,
              "sem": 4.645404897701727,
              "df": 9,
              "critical": 2.262,
              "moe": 10.507905878601306,
              "p75": 164.30932500000017,
              "p99": 206.2128729999995,
              "p995": 206.2128729999995,
              "p999": 206.2128729999995,
              "sampleCount": 10,
              "median": 161.32387399999925
            },
            {
              "id": "511157780_0_3",
              "name": "pdf2json",
              "rank": 4,
              "rme": 6.618289596812035,
              "samples": [],
              "totalTime": 2941.6174730000002,
              "min": 272.5913479999999,
              "max": 367.0547770000012,
              "hz": 3.3994902776401887,
              "period": 294.1617473,
              "mean": 294.1617473,
              "variance": 740.7620506670803,
              "sd": 27.216944183120198,
              "sem": 8.606753456833072,
              "df": 9,
              "critical": 2.262,
              "moe": 19.46847631935641,
              "p75": 294.7186270000002,
              "p99": 367.0547770000012,
              "p995": 367.0547770000012,
              "p999": 367.0547770000012,
              "sampleCount": 10,
              "median": 285.35418500000014
            }
          ]
        }
      ]
    }
  ]
}