{
  "files": [
    {
      "filepath": "/home/runner/work/pdf-parse/pdf-parse/test/benchmark/package.bench.ts",
      "groups": [
        {
          "fullName": "test/benchmark/package.bench.ts > Parsing Files",
          "benchmarks": [
            {
              "id": "511157780_0_0",
              "name": "pdf-parse esm build",
              "rank": 2,
              "rme": 1.5655566837979906,
              "samples": [],
              "totalTime": 1692.133414,
              "min": 164.01066900000023,
              "max": 177.41549000000032,
              "hz": 5.909699505526105,
              "period": 169.2133414,
              "mean": 169.2133414,
              "variance": 13.715814250957894,
              "sd": 3.703486769378,
              "sem": 1.1711453475533211,
              "df": 9,
              "critical": 2.262,
              "moe": 2.649130776165612,
              "p75": 169.89080299999978,
              "p99": 177.41549000000032,
              "p995": 177.41549000000032,
              "p999": 177.41549000000032,
              "sampleCount": 10,
              "median": 169.146346
            },
            {
              "id": "511157780_0_1",
              "name": "pdf-parse cjs build",
              "rank": 1,
              "rme": 1.7886284588727157,
              "samples": [],
              "totalTime": 1621.7734920000003,
              "min": 157.2010249999994,
              "max": 169.86613699999998,
              "hz": 6.166089191449183,
              "period": 162.17734920000004,
              "mean": 162.17734920000004,
              "variance": 16.445060176796915,
              "sd": 4.055250938819559,
              "sem": 1.2823829450205937,
              "df": 9,
              "critical": 2.262,
              "moe": 2.900750221636583,
              "p75": 164.5007970000006,
              "p99": 169.86613699999998,
              "p995": 169.86613699999998,
              "p999": 169.86613699999998,
              "sampleCount": 10,
              "median": 161.73305949999985
            },
            {
              "id": "511157780_0_2",
              "name": "pdf-parse browser build",
              "rank": 3,
              "rme": 6.999439519187756,
              "samples": [],
              "totalTime": 1721.8990919999978,
              "min": 159.18809499999952,
              "max": 216.46700799999962,
              "hz": 5.807541247022164,
              "period": 172.1899091999998,
              "mean": 172.1899091999998,
              "variance": 283.8943329646859,
              "sd": 16.849164162197656,
              "sem": 5.328173542262731,
              "df": 9,
              "critical": 2.262,
              "moe": 12.052328552598299,
              "p75": 174.7537599999996,
              "p99": 216.46700799999962,
              "p995": 216.46700799999962,
              "p999": 216.46700799999962,
              "sampleCount": 10,
              "median": 168.14883099999997
            },
            {
              "id": "511157780_0_3",
              "name": "pdf2json",
              "rank": 4,
              "rme": 6.061325957810653,
              "samples": [],
              "totalTime": 2932.3598840000013,
              "min": 266.58279199999924,
              "max": 343.3141109999997,
              "hz": 3.4102226178183512,
              "period": 293.2359884000001,
              "mean": 293.2359884000001,
              "variance": 617.4255779881523,
              "sd": 24.848049782390415,
              "sem": 7.857643272560496,
              "df": 9,
              "critical": 2.262,
              "moe": 17.77398908253184,
              "p75": 315.7759159999987,
              "p99": 343.3141109999997,
              "p995": 343.3141109999997,
              "p999": 343.3141109999997,
              "sampleCount": 10,
              "median": 282.8848805000007
            }
          ]
        }
      ]
    }
  ]
}