{
  "files": [
    {
      "filepath": "/home/runner/work/pdf-parse/pdf-parse/test/benchmark/package.bench.ts",
      "groups": [
        {
          "fullName": "test/benchmark/package.bench.ts > Parsing Files",
          "benchmarks": [
            {
              "id": "511157780_0_0",
              "name": "pdf-parse esm build",
              "rank": 3,
              "rme": 1.7770386497430297,
              "samples": [],
              "totalTime": 1643.9688499999993,
              "min": 157.97410499999978,
              "max": 170.36788700000034,
              "hz": 6.082840316591159,
              "period": 164.39688499999994,
              "mean": 164.39688499999994,
              "variance": 16.67998725767821,
              "sd": 4.0841140113466725,
              "sem": 1.2915102499662248,
              "df": 9,
              "critical": 2.262,
              "moe": 2.9213961854236006,
              "p75": 167.9344769999998,
              "p99": 170.36788700000034,
              "p995": 170.36788700000034,
              "p999": 170.36788700000034,
              "sampleCount": 10,
              "median": 164.06390799999986
            },
            {
              "id": "511157780_0_1",
              "name": "pdf-parse cjs build",
              "rank": 1,
              "rme": 1.115742609784952,
              "samples": [],
              "totalTime": 1591.2892250000023,
              "min": 156.8021720000006,
              "max": 164.90271099999973,
              "hz": 6.284212726947853,
              "period": 159.12892250000021,
              "mean": 159.12892250000021,
              "variance": 6.160856324316744,
              "sd": 2.482107234652996,
              "sem": 0.7849112258285483,
              "df": 9,
              "critical": 2.262,
              "moe": 1.7754691928241764,
              "p75": 160.38998400000037,
              "p99": 164.90271099999973,
              "p995": 164.90271099999973,
              "p999": 164.90271099999973,
              "sampleCount": 10,
              "median": 158.13344000000006
            },
            {
              "id": "511157780_0_2",
              "name": "pdf-parse browser build",
              "rank": 2,
              "rme": 1.779056564265279,
              "samples": [],
              "totalTime": 1610.4994889999998,
              "min": 157.6965540000001,
              "max": 171.52494899999965,
              "hz": 6.209253755311189,
              "period": 161.04994889999998,
              "mean": 161.04994889999998,
              "variance": 16.04410496222916,
              "sd": 4.005509326194256,
              "sem": 1.266653265982019,
              "df": 9,
              "critical": 2.262,
              "moe": 2.8651696876513273,
              "p75": 161.82684400000107,
              "p99": 171.52494899999965,
              "p995": 171.52494899999965,
              "p999": 171.52494899999965,
              "sampleCount": 10,
              "median": 159.59270200000037
            },
            {
              "id": "511157780_0_3",
              "name": "pdf2json",
              "rank": 4,
              "rme": 7.727304204878749,
              "samples": [],
              "totalTime": 2901.9558960000013,
              "min": 267.39936399999897,
              "max": 363.7878409999994,
              "hz": 3.4459517506051016,
              "period": 290.1955896000001,
              "mean": 290.1955896000001,
              "variance": 982.7712285337742,
              "sd": 31.34918226260095,
              "sem": 9.913481873356979,
              "df": 9,
              "critical": 2.262,
              "moe": 22.424295997533488,
              "p75": 295.06586400000015,
              "p99": 363.7878409999994,
              "p995": 363.7878409999994,
              "p999": 363.7878409999994,
              "sampleCount": 10,
              "median": 276.63757650000116
            }
          ]
        }
      ]
    }
  ]
}