{
  "files": [
    {
      "filepath": "/home/runner/work/pdf-parse/pdf-parse/test/benchmark/package.bench.ts",
      "groups": [
        {
          "fullName": "test/benchmark/package.bench.ts > Parsing Files",
          "benchmarks": [
            {
              "id": "511157780_0_0",
              "name": "pdf-parse esm build",
              "rank": 3,
              "rme": 1.2765641123664746,
              "samples": [],
              "totalTime": 8156.966116999991,
              "min": 155.66137200000048,
              "max": 189.3510350000006,
              "hz": 6.129730010254015,
              "period": 163.1393223399998,
              "mean": 163.1393223399998,
              "variance": 53.665358775094525,
              "sd": 7.32566439137738,
              "sem": 1.0360053935679536,
              "df": 49,
              "critical": 2.0102,
              "moe": 2.0825780421503004,
              "p75": 166.15009800000007,
              "p99": 189.3510350000006,
              "p995": 189.3510350000006,
              "p999": 189.3510350000006,
              "sampleCount": 50,
              "median": 160.71278449999954
            },
            {
              "id": "511157780_0_1",
              "name": "pdf-parse cjs build",
              "rank": 2,
              "rme": 1.2751219163348504,
              "samples": [],
              "totalTime": 8061.048538999999,
              "min": 154.67617600000085,
              "max": 205.56594600000062,
              "hz": 6.20266702998946,
              "period": 161.22097078,
              "mean": 161.22097078,
              "variance": 52.29232497070698,
              "sd": 7.2313432341928685,
              "sem": 1.0226663675970475,
              "df": 49,
              "critical": 2.0102,
              "moe": 2.055763932143585,
              "p75": 162.40894000000117,
              "p99": 205.56594600000062,
              "p995": 205.56594600000062,
              "p999": 205.56594600000062,
              "sampleCount": 50,
              "median": 159.82049800000004
            },
            {
              "id": "511157780_0_2",
              "name": "pdf-parse browser build",
              "rank": 1,
              "rme": 1.5667093156883871,
              "samples": [],
              "totalTime": 8053.993476,
              "min": 155.0151850000002,
              "max": 215.98660700000255,
              "hz": 6.2081003851063965,
              "period": 161.07986952,
              "mean": 161.07986952,
              "variance": 78.80447078074124,
              "sd": 8.877188224924671,
              "sem": 1.2554239983427211,
              "df": 49,
              "critical": 2.0102,
              "moe": 2.5236533214685384,
              "p75": 162.29613900000186,
              "p99": 215.98660700000255,
              "p995": 215.98660700000255,
              "p999": 215.98660700000255,
              "sampleCount": 50,
              "median": 159.75097800000185
            },
            {
              "id": "511157780_0_3",
              "name": "pdf2json",
              "rank": 4,
              "rme": 1.7464025311262215,
              "samples": [],
              "totalTime": 14412.891058000041,
              "min": 266.1804990000019,
              "max": 335.7102740000046,
              "hz": 3.469116626136359,
              "period": 288.25782116000084,
              "mean": 288.25782116000084,
              "variance": 313.5756784437346,
              "sd": 17.708068173681017,
              "sem": 2.5042990174647057,
              "df": 49,
              "critical": 2.0102,
              "moe": 5.034141884907552,
              "p75": 297.07615400000213,
              "p99": 335.7102740000046,
              "p995": 335.7102740000046,
              "p999": 335.7102740000046,
              "sampleCount": 50,
              "median": 281.158896500001
            }
          ]
        }
      ]
    }
  ]
}