{
  "files": [
    {
      "filepath": "/home/runner/work/pdf-parse/pdf-parse/test/benchmark/package.bench.ts",
      "groups": [
        {
          "fullName": "test/benchmark/package.bench.ts > Parsing Files",
          "benchmarks": [
            {
              "id": "511157780_0_0",
              "name": "pdf-parse esm build",
              "rank": 3,
              "rme": 1.4993819449427073,
              "samples": [],
              "totalTime": 8046.655791999998,
              "min": 153.71384299999954,
              "max": 208.16285200000038,
              "hz": 6.213761504463768,
              "period": 160.93311583999994,
              "mean": 160.93311583999994,
              "variance": 72.04550011252996,
              "sd": 8.487962070634504,
              "sem": 1.2003791077199735,
              "df": 49,
              "critical": 2.0102,
              "moe": 2.413002082338691,
              "p75": 162.3442329999998,
              "p99": 208.16285200000038,
              "p995": 208.16285200000038,
              "p999": 208.16285200000038,
              "sampleCount": 50,
              "median": 158.23745700000063
            },
            {
              "id": "511157780_0_1",
              "name": "pdf-parse cjs build",
              "rank": 2,
              "rme": 1.3718369556724193,
              "samples": [],
              "totalTime": 7895.849251000016,
              "min": 154.19840699999986,
              "max": 208.93897000000106,
              "hz": 6.332441059923663,
              "period": 157.9169850200003,
              "mean": 157.9169850200003,
              "variance": 58.07031083541294,
              "sd": 7.620387840222631,
              "sem": 1.0776855834185863,
              "df": 49,
              "critical": 2.0102,
              "moe": 2.1663635597880426,
              "p75": 157.64311300000008,
              "p99": 208.93897000000106,
              "p995": 208.93897000000106,
              "p999": 208.93897000000106,
              "sampleCount": 50,
              "median": 156.81498100000135
            },
            {
              "id": "511157780_0_2",
              "name": "pdf-parse browser build",
              "rank": 1,
              "rme": 1.8190863913790545,
              "samples": [],
              "totalTime": 7893.722109000006,
              "min": 153.16786200000206,
              "max": 207.5880509999988,
              "hz": 6.334147479424521,
              "period": 157.8744421800001,
              "mean": 157.8744421800001,
              "variance": 102.05205982793376,
              "sd": 10.102081955118646,
              "sem": 1.42865013091333,
              "df": 49,
              "critical": 2.0102,
              "moe": 2.871872493161976,
              "p75": 157.25289600000178,
              "p99": 207.5880509999988,
              "p995": 207.5880509999988,
              "p999": 207.5880509999988,
              "sampleCount": 50,
              "median": 155.2325994999992
            },
            {
              "id": "511157780_0_3",
              "name": "pdf2json",
              "rank": 4,
              "rme": 1.9691957722946227,
              "samples": [],
              "totalTime": 14454.14902199998,
              "min": 270.94208400000207,
              "max": 365.2498429999978,
              "hz": 3.4592143697908027,
              "period": 289.0829804399996,
              "mean": 289.0829804399996,
              "variance": 400.9722372428354,
              "sd": 20.024291179535805,
              "sem": 2.8318624163007473,
              "df": 49,
              "critical": 2.0102,
              "moe": 5.692609829247763,
              "p75": 299.28049699999974,
              "p99": 365.2498429999978,
              "p995": 365.2498429999978,
              "p999": 365.2498429999978,
              "sampleCount": 50,
              "median": 279.4410799999969
            }
          ]
        }
      ]
    }
  ]
}