{
  "files": [
    {
      "filepath": "/home/runner/work/pdf-parse/pdf-parse/test/benchmark/package.bench.ts",
      "groups": [
        {
          "fullName": "test/benchmark/package.bench.ts > Parsing Files",
          "benchmarks": [
            {
              "id": "511157780_0_0",
              "name": "pdf-parse esm build",
              "rank": 3,
              "rme": 2.1506943732998263,
              "samples": [],
              "totalTime": 1641.6635779999997,
              "min": 158.49240599999985,
              "max": 173.20180699999992,
              "hz": 6.091382018831633,
              "period": 164.16635779999996,
              "mean": 164.16635779999996,
              "variance": 24.363547378200778,
              "sd": 4.935944426166159,
              "sem": 1.5608826790697876,
              "df": 9,
              "critical": 2.262,
              "moe": 3.5307166200558595,
              "p75": 166.50167899999997,
              "p99": 173.20180699999992,
              "p995": 173.20180699999992,
              "p999": 173.20180699999992,
              "sampleCount": 10,
              "median": 163.44770549999998
            },
            {
              "id": "511157780_0_1",
              "name": "pdf-parse cjs build",
              "rank": 1,
              "rme": 0.4887576994865172,
              "samples": [],
              "totalTime": 1572.8401489999997,
              "min": 155.78814199999943,
              "max": 159.26718699999947,
              "hz": 6.357925187984251,
              "period": 157.28401489999996,
              "mean": 157.28401489999996,
              "variance": 1.1549713092440785,
              "sd": 1.0746959147796546,
              "sem": 0.3398486882781922,
              "df": 9,
              "critical": 2.262,
              "moe": 0.7687377328852708,
              "p75": 157.8046949999998,
              "p99": 159.26718699999947,
              "p995": 159.26718699999947,
              "p999": 159.26718699999947,
              "sampleCount": 10,
              "median": 156.93114600000035
            },
            {
              "id": "511157780_0_2",
              "name": "pdf-parse browser build",
              "rank": 2,
              "rme": 3.0503362119103237,
              "samples": [],
              "totalTime": 1589.656888999999,
              "min": 153.52127499999915,
              "max": 176.8745600000002,
              "hz": 6.290665658229351,
              "period": 158.9656888999999,
              "mean": 158.9656888999999,
              "variance": 45.95333261916178,
              "sd": 6.778888745152982,
              "sem": 2.143672843956413,
              "df": 9,
              "critical": 2.262,
              "moe": 4.8489879730294065,
              "p75": 160.17201999999997,
              "p99": 176.8745600000002,
              "p995": 176.8745600000002,
              "p999": 176.8745600000002,
              "sampleCount": 10,
              "median": 156.92792899999995
            },
            {
              "id": "511157780_0_3",
              "name": "pdf2json",
              "rank": 4,
              "rme": 6.728406185399523,
              "samples": [],
              "totalTime": 2935.3274650000003,
              "min": 271.08585800000037,
              "max": 362.11113300000034,
              "hz": 3.406774923492224,
              "period": 293.53274650000003,
              "mean": 293.53274650000003,
              "variance": 762.3463370463542,
              "sd": 27.610620004743723,
              "sem": 8.731244682439922,
              "df": 9,
              "critical": 2.262,
              "moe": 19.750075471679104,
              "p75": 305.8327329999993,
              "p99": 362.11113300000034,
              "p995": 362.11113300000034,
              "p999": 362.11113300000034,
              "sampleCount": 10,
              "median": 283.4788070000004
            }
          ]
        }
      ]
    }
  ]
}