{
  "files": [
    {
      "filepath": "/home/runner/work/pdf-parse/pdf-parse/test/benchmark/package.bench.ts",
      "groups": [
        {
          "fullName": "test/benchmark/package.bench.ts > Parsing Files",
          "benchmarks": [
            {
              "id": "511157780_0_0",
              "name": "pdf-parse esm build",
              "rank": 3,
              "rme": 1.4774511200657614,
              "samples": [],
              "totalTime": 7957.103453000005,
              "min": 152.67879399999947,
              "max": 205.29493000000002,
              "hz": 6.283693594702339,
              "period": 159.1420690600001,
              "mean": 159.1420690600001,
              "variance": 68.40497847834983,
              "sd": 8.270730226428004,
              "sem": 1.1696578856943582,
              "df": 49,
              "critical": 2.0102,
              "moe": 2.351246281822799,
              "p75": 159.79783300000054,
              "p99": 205.29493000000002,
              "p995": 205.29493000000002,
              "p999": 205.29493000000002,
              "sampleCount": 50,
              "median": 157.06911549999995
            },
            {
              "id": "511157780_0_1",
              "name": "pdf-parse cjs build",
              "rank": 2,
              "rme": 1.2807583863684358,
              "samples": [],
              "totalTime": 7840.343762999992,
              "min": 153.48565299999973,
              "max": 203.9317719999999,
              "hz": 6.377271394139514,
              "period": 156.80687525999983,
              "mean": 156.80687525999983,
              "variance": 49.906381804142946,
              "sd": 7.064444904176332,
              "sem": 0.9990633794123668,
              "df": 49,
              "critical": 2.0102,
              "moe": 2.00831720529474,
              "p75": 156.78533600000083,
              "p99": 203.9317719999999,
              "p995": 203.9317719999999,
              "p999": 203.9317719999999,
              "sampleCount": 50,
              "median": 155.13962249999986
            },
            {
              "id": "511157780_0_2",
              "name": "pdf-parse browser build",
              "rank": 1,
              "rme": 1.2311850176529389,
              "samples": [],
              "totalTime": 7728.600125000008,
              "min": 151.60870499999874,
              "max": 199.75159899999926,
              "hz": 6.469476902843378,
              "period": 154.57200250000017,
              "mean": 154.57200250000017,
              "variance": 44.81256236863097,
              "sd": 6.694218577894732,
              "sem": 0.9467054702348663,
              "df": 49,
              "critical": 2.0102,
              "moe": 1.9030673362661283,
              "p75": 155.14228500000172,
              "p99": 199.75159899999926,
              "p995": 199.75159899999926,
              "p999": 199.75159899999926,
              "sampleCount": 50,
              "median": 153.34117150000202
            },
            {
              "id": "511157780_0_3",
              "name": "pdf2json",
              "rank": 4,
              "rme": 1.9447561967661318,
              "samples": [],
              "totalTime": 14190.892770999999,
              "min": 269.14094599999953,
              "max": 363.6465610000014,
              "hz": 3.5233864991340225,
              "period": 283.81785542,
              "mean": 283.81785542,
              "variance": 376.96516843135373,
              "sd": 19.415590859702256,
              "sem": 2.745779191527803,
              "df": 49,
              "critical": 2.0102,
              "moe": 5.519565330809191,
              "p75": 292.14225799999986,
              "p99": 363.6465610000014,
              "p995": 363.6465610000014,
              "p999": 363.6465610000014,
              "sampleCount": 50,
              "median": 275.6055320000014
            }
          ]
        }
      ]
    }
  ]
}