{
  "files": [
    {
      "filepath": "/home/runner/work/pdf-parse/pdf-parse/test/benchmark/package.bench.ts",
      "groups": [
        {
          "fullName": "test/benchmark/package.bench.ts > Parsing Files",
          "benchmarks": [
            {
              "id": "511157780_0_0",
              "name": "pdf-parse esm build",
              "rank": 3,
              "rme": 1.293075102431481,
              "samples": [],
              "totalTime": 8145.981796999994,
              "min": 154.6978849999996,
              "max": 198.1014180000002,
              "hz": 6.137995547499752,
              "period": 162.9196359399999,
              "mean": 162.9196359399999,
              "variance": 54.91434757465077,
              "sd": 7.410421551750668,
              "sem": 1.047991866138767,
              "df": 49,
              "critical": 2.0102,
              "moe": 2.10667324931215,
              "p75": 165.20291199999974,
              "p99": 198.1014180000002,
              "p995": 198.1014180000002,
              "p999": 198.1014180000002,
              "sampleCount": 50,
              "median": 161.6763759999999
            },
            {
              "id": "511157780_0_1",
              "name": "pdf-parse cjs build",
              "rank": 2,
              "rme": 1.2779877339763484,
              "samples": [],
              "totalTime": 7930.986915000016,
              "min": 154.90687600000092,
              "max": 206.13708899999983,
              "hz": 6.304385637736222,
              "period": 158.6197383000003,
              "mean": 158.6197383000003,
              "variance": 50.84629304307205,
              "sd": 7.130658668248821,
              "sem": 1.0084274197290755,
              "df": 49,
              "critical": 2.0102,
              "moe": 2.0271407991393877,
              "p75": 158.25844000000143,
              "p99": 206.13708899999983,
              "p995": 206.13708899999983,
              "p999": 206.13708899999983,
              "sampleCount": 50,
              "median": 157.06660250000095
            },
            {
              "id": "511157780_0_2",
              "name": "pdf-parse browser build",
              "rank": 1,
              "rme": 1.3411878464681692,
              "samples": [],
              "totalTime": 7862.670180000026,
              "min": 152.20054000000164,
              "max": 205.74384500000087,
              "hz": 6.359162835951468,
              "period": 157.25340360000052,
              "mean": 157.25340360000052,
              "variance": 55.03903285115434,
              "sd": 7.418829614646392,
              "sem": 1.0491809457968089,
              "df": 49,
              "critical": 2.0102,
              "moe": 2.1090635372407456,
              "p75": 158.09069100000124,
              "p99": 205.74384500000087,
              "p995": 205.74384500000087,
              "p999": 205.74384500000087,
              "sampleCount": 50,
              "median": 156.81860550000056
            },
            {
              "id": "511157780_0_3",
              "name": "pdf2json",
              "rank": 4,
              "rme": 2.0408038818904366,
              "samples": [],
              "totalTime": 13977.718175000027,
              "min": 260.6040550000034,
              "max": 327.1049920000005,
              "hz": 3.5771217715226187,
              "period": 279.55436350000053,
              "mean": 279.55436350000053,
              "variance": 402.74166512622156,
              "sd": 20.068424580076574,
              "sem": 2.8381038216605874,
              "df": 49,
              "critical": 2.0102,
              "moe": 5.705156302302114,
              "p75": 290.78041400000075,
              "p99": 327.1049920000005,
              "p995": 327.1049920000005,
              "p999": 327.1049920000005,
              "sampleCount": 50,
              "median": 268.4293980000002
            }
          ]
        }
      ]
    }
  ]
}