{
  "files": [
    {
      "filepath": "/home/runner/work/pdf-parse/pdf-parse/test/benchmark/package.bench.ts",
      "groups": [
        {
          "fullName": "test/benchmark/package.bench.ts > Parsing Files",
          "benchmarks": [
            {
              "id": "511157780_0_0",
              "name": "pdf-parse esm build",
              "rank": 3,
              "rme": 1.7045736981329613,
              "samples": [],
              "totalTime": 1688.4934689999995,
              "min": 163.08029699999997,
              "max": 174.28640799999994,
              "hz": 5.922439253450262,
              "period": 168.84934689999994,
              "mean": 168.84934689999994,
              "variance": 16.189936111676634,
              "sd": 4.023671968696831,
              "sem": 1.2723967978455712,
              "df": 9,
              "critical": 2.262,
              "moe": 2.878161556726682,
              "p75": 171.32119699999976,
              "p99": 174.28640799999994,
              "p995": 174.28640799999994,
              "p999": 174.28640799999994,
              "sampleCount": 10,
              "median": 169.0820655
            },
            {
              "id": "511157780_0_1",
              "name": "pdf-parse cjs build",
              "rank": 1,
              "rme": 1.5000841443726158,
              "samples": [],
              "totalTime": 1605.1542639999998,
              "min": 157.8954360000007,
              "max": 168.50941000000057,
              "hz": 6.229930807447927,
              "period": 160.51542639999997,
              "mean": 160.51542639999997,
              "variance": 11.331296241358002,
              "sd": 3.366199079281854,
              "sem": 1.0644856148092374,
              "df": 9,
              "critical": 2.262,
              "moe": 2.407866460698495,
              "p75": 160.01202000000012,
              "p99": 168.50941000000057,
              "p995": 168.50941000000057,
              "p999": 168.50941000000057,
              "sampleCount": 10,
              "median": 159.63552049999953
            },
            {
              "id": "511157780_0_2",
              "name": "pdf-parse browser build",
              "rank": 2,
              "rme": 6.677612226252058,
              "samples": [],
              "totalTime": 1648.0432479999981,
              "min": 156.5125879999996,
              "max": 208.08489599999848,
              "hz": 6.067801929430926,
              "period": 164.80432479999982,
              "mean": 164.80432479999982,
              "variance": 236.69789664216282,
              "sd": 15.384989328633374,
              "sem": 4.865160805586623,
              "df": 9,
              "critical": 2.262,
              "moe": 11.004993742236941,
              "p75": 163.7147219999997,
              "p99": 208.08489599999848,
              "p995": 208.08489599999848,
              "p999": 208.08489599999848,
              "sampleCount": 10,
              "median": 159.78938450000032
            },
            {
              "id": "511157780_0_3",
              "name": "pdf2json",
              "rank": 4,
              "rme": 6.1829203787350036,
              "samples": [],
              "totalTime": 2862.729497999999,
              "min": 267.844932,
              "max": 351.4006640000007,
              "hz": 3.4931697203617538,
              "period": 286.2729497999999,
              "mean": 286.2729497999999,
              "variance": 612.2978474587286,
              "sd": 24.74465290641048,
              "sem": 7.824946309456242,
              "df": 9,
              "critical": 2.262,
              "moe": 17.70002855199002,
              "p75": 293.8934629999985,
              "p99": 351.4006640000007,
              "p995": 351.4006640000007,
              "p999": 351.4006640000007,
              "sampleCount": 10,
              "median": 276.3859645000002
            }
          ]
        }
      ]
    }
  ]
}