{
  "files": [
    {
      "filepath": "/home/runner/work/pdf-parse/pdf-parse/test/benchmark/package.bench.ts",
      "groups": [
        {
          "fullName": "test/benchmark/package.bench.ts > Parsing Files",
          "benchmarks": [
            {
              "id": "511157780_0_0",
              "name": "pdf-parse esm build",
              "rank": 3,
              "rme": 2.092271753504269,
              "samples": [],
              "totalTime": 1683.8160510000002,
              "min": 161.3387819999998,
              "max": 175.96874400000024,
              "hz": 5.938891005380966,
              "period": 168.38160510000003,
              "mean": 168.38160510000003,
              "variance": 24.257177881176045,
              "sd": 4.925157650388061,
              "sem": 1.557471601062955,
              "df": 9,
              "critical": 2.262,
              "moe": 3.523000761604404,
              "p75": 172.30361399999992,
              "p99": 175.96874400000024,
              "p995": 175.96874400000024,
              "p999": 175.96874400000024,
              "sampleCount": 10,
              "median": 167.70895599999994
            },
            {
              "id": "511157780_0_1",
              "name": "pdf-parse cjs build",
              "rank": 2,
              "rme": 0.8906260903742111,
              "samples": [],
              "totalTime": 1607.3878729999997,
              "min": 158.8945909999993,
              "max": 165.5574690000003,
              "hz": 6.221273762216572,
              "period": 160.73878729999996,
              "mean": 160.73878729999996,
              "variance": 4.00541020976716,
              "sd": 2.0013520954012964,
              "sem": 0.6328831021418695,
              "df": 9,
              "critical": 2.262,
              "moe": 1.4315815770449087,
              "p75": 160.87196700000004,
              "p99": 165.5574690000003,
              "p995": 165.5574690000003,
              "p999": 165.5574690000003,
              "sampleCount": 10,
              "median": 160.08330699999988
            },
            {
              "id": "511157780_0_2",
              "name": "pdf-parse browser build",
              "rank": 1,
              "rme": 0.8117654957348431,
              "samples": [],
              "totalTime": 1594.005990999999,
              "min": 157.2369630000003,
              "max": 162.06257000000005,
              "hz": 6.273502142690507,
              "period": 159.4005990999999,
              "mean": 159.4005990999999,
              "variance": 3.272320798523095,
              "sd": 1.808955720442901,
              "sem": 0.5720420262990381,
              "df": 9,
              "critical": 2.262,
              "moe": 1.2939590634884242,
              "p75": 160.21207399999912,
              "p99": 162.06257000000005,
              "p995": 162.06257000000005,
              "p999": 162.06257000000005,
              "sampleCount": 10,
              "median": 159.77449350000006
            },
            {
              "id": "511157780_0_3",
              "name": "pdf2json",
              "rank": 4,
              "rme": 7.433490594152882,
              "samples": [],
              "totalTime": 2929.2802699999975,
              "min": 269.64232399999855,
              "max": 363.4244170000002,
              "hz": 3.4138078566309424,
              "period": 292.92802699999976,
              "mean": 292.92802699999976,
              "variance": 926.6638991788503,
              "sd": 30.4411546952288,
              "sem": 9.62633834424518,
              "df": 9,
              "critical": 2.262,
              "moe": 21.774777334682597,
              "p75": 304.353763000001,
              "p99": 363.4244170000002,
              "p995": 363.4244170000002,
              "p999": 363.4244170000002,
              "sampleCount": 10,
              "median": 280.69689599999947
            }
          ]
        }
      ]
    }
  ]
}