{
  "files": [
    {
      "filepath": "/home/runner/work/pdf-parse/pdf-parse/test/benchmark/package.bench.ts",
      "groups": [
        {
          "fullName": "test/benchmark/package.bench.ts > Parsing Files",
          "benchmarks": [
            {
              "id": "511157780_0_0",
              "name": "pdf-parse esm build",
              "rank": 3,
              "rme": 2.2143329475470117,
              "samples": [],
              "totalTime": 1721.3572749999998,
              "min": 165.224154,
              "max": 180.75405899999987,
              "hz": 5.809369237423417,
              "period": 172.13572749999997,
              "mean": 172.13572749999997,
              "variance": 28.395052868258784,
              "sd": 5.328700861209867,
              "sem": 1.6850831691123966,
              "df": 9,
              "critical": 2.262,
              "moe": 3.8116581285322413,
              "p75": 174.68630699999994,
              "p99": 180.75405899999987,
              "p995": 180.75405899999987,
              "p999": 180.75405899999987,
              "sampleCount": 10,
              "median": 171.85619699999984
            },
            {
              "id": "511157780_0_1",
              "name": "pdf-parse cjs build",
              "rank": 2,
              "rme": 0.4864308172233026,
              "samples": [],
              "totalTime": 1656.2170809999998,
              "min": 164.21065,
              "max": 167.41451899999993,
              "hz": 6.037855855201147,
              "period": 165.62170809999998,
              "mean": 165.62170809999998,
              "variance": 1.2685029458351293,
              "sd": 1.126278360723995,
              "sem": 0.3561604899248553,
              "df": 9,
              "critical": 2.262,
              "moe": 0.8056350282100226,
              "p75": 166.43277800000033,
              "p99": 167.41451899999993,
              "p995": 167.41451899999993,
              "p999": 167.41451899999993,
              "sampleCount": 10,
              "median": 165.53527250000025
            },
            {
              "id": "511157780_0_2",
              "name": "pdf-parse browser build",
              "rank": 1,
              "rme": 1.0718182830238647,
              "samples": [],
              "totalTime": 1646.458404,
              "min": 161.31170100000054,
              "max": 169.11582100000032,
              "hz": 6.073642659726738,
              "period": 164.6458404,
              "mean": 164.6458404,
              "variance": 6.086374160161636,
              "sd": 2.4670577942483707,
              "sem": 0.78015217490959,
              "df": 9,
              "critical": 2.262,
              "moe": 1.7647042196454925,
              "p75": 166.05760999999984,
              "p99": 169.11582100000032,
              "p995": 169.11582100000032,
              "p999": 169.11582100000032,
              "sampleCount": 10,
              "median": 164.1011625000001
            },
            {
              "id": "511157780_0_3",
              "name": "pdf2json",
              "rank": 4,
              "rme": 6.544816088714117,
              "samples": [],
              "totalTime": 3050.040868,
              "min": 282.1978799999997,
              "max": 372.3069090000008,
              "hz": 3.27864459290255,
              "period": 305.0040868,
              "mean": 305.0040868,
              "variance": 778.791155041105,
              "sd": 27.90682989952648,
              "sem": 8.824914475739156,
              "df": 9,
              "critical": 2.262,
              "moe": 19.96195654412197,
              "p75": 317.5625230000005,
              "p99": 372.3069090000008,
              "p995": 372.3069090000008,
              "p999": 372.3069090000008,
              "sampleCount": 10,
              "median": 293.5477629999996
            }
          ]
        }
      ]
    }
  ]
}