{
  "files": [
    {
      "filepath": "/home/runner/work/pdf-parse/pdf-parse/test/benchmark/package.bench.ts",
      "groups": [
        {
          "fullName": "test/benchmark/package.bench.ts > Parsing Files",
          "benchmarks": [
            {
              "id": "511157780_0_0",
              "name": "pdf-parse esm build",
              "rank": 3,
              "rme": 2.0801035815680122,
              "samples": [],
              "totalTime": 1690.0074000000009,
              "min": 161.15573799999993,
              "max": 176.8539450000003,
              "hz": 5.917133853970103,
              "period": 169.0007400000001,
              "mean": 169.0007400000001,
              "variance": 24.15249133051156,
              "sd": 4.914518423051394,
              "sem": 1.5541071819701355,
              "df": 9,
              "critical": 2.262,
              "moe": 3.5153904456164464,
              "p75": 171.33192099999997,
              "p99": 176.8539450000003,
              "p995": 176.8539450000003,
              "p999": 176.8539450000003,
              "sampleCount": 10,
              "median": 169.71215899999993
            },
            {
              "id": "511157780_0_1",
              "name": "pdf-parse cjs build",
              "rank": 1,
              "rme": 0.9000584000630896,
              "samples": [],
              "totalTime": 1621.1975539999976,
              "min": 159.49802999999974,
              "max": 165.45175799999924,
              "hz": 6.168279723422292,
              "period": 162.11975539999975,
              "mean": 162.11975539999975,
              "variance": 4.161290714347242,
              "sd": 2.039924193284457,
              "sem": 0.6450806704860441,
              "df": 9,
              "critical": 2.262,
              "moe": 1.4591724766394318,
              "p75": 163.65000299999974,
              "p99": 165.45175799999924,
              "p995": 165.45175799999924,
              "p999": 165.45175799999924,
              "sampleCount": 10,
              "median": 162.1017155000004
            },
            {
              "id": "511157780_0_2",
              "name": "pdf-parse browser build",
              "rank": 2,
              "rme": 2.0318468695775693,
              "samples": [],
              "totalTime": 1629.806463,
              "min": 157.7431230000002,
              "max": 172.31851499999993,
              "hz": 6.135697843284354,
              "period": 162.9806463,
              "mean": 162.9806463,
              "variance": 21.43230191522544,
              "sd": 4.6295034199388425,
              "sem": 1.4639775242545712,
              "df": 9,
              "critical": 2.262,
              "moe": 3.31151715986384,
              "p75": 162.9466790000006,
              "p99": 172.31851499999993,
              "p995": 172.31851499999993,
              "p999": 172.31851499999993,
              "sampleCount": 10,
              "median": 161.96057299999939
            },
            {
              "id": "511157780_0_3",
              "name": "pdf2json",
              "rank": 4,
              "rme": 7.822775482961607,
              "samples": [],
              "totalTime": 2994.335739000002,
              "min": 272.82084600000053,
              "max": 382.23616500000026,
              "hz": 3.3396388620534694,
              "period": 299.43357390000017,
              "mean": 299.43357390000017,
              "variance": 1072.3523763948804,
              "sd": 32.74679184889537,
              "sem": 10.35544483059458,
              "df": 9,
              "critical": 2.262,
              "moe": 23.42401620680494,
              "p75": 313.6274420000009,
              "p99": 382.23616500000026,
              "p995": 382.23616500000026,
              "p999": 382.23616500000026,
              "sampleCount": 10,
              "median": 284.41828050000004
            }
          ]
        }
      ]
    }
  ]
}