{
  "files": [
    {
      "filepath": "/home/runner/work/pdf-parse/pdf-parse/test/benchmark/package.bench.ts",
      "groups": [
        {
          "fullName": "test/benchmark/package.bench.ts > Parsing Files",
          "benchmarks": [
            {
              "id": "511157780_0_0",
              "name": "pdf-parse esm build",
              "rank": 3,
              "rme": 1.9081985306686982,
              "samples": [],
              "totalTime": 1693.507705,
              "min": 163.86262000000033,
              "max": 180.03214400000024,
              "hz": 5.904903751235073,
              "period": 169.3507705,
              "mean": 169.3507705,
              "variance": 20.40968335081095,
              "sd": 4.51770775402869,
              "sem": 1.428624630573439,
              "df": 9,
              "critical": 2.262,
              "moe": 3.231548914357119,
              "p75": 171.813901,
              "p99": 180.03214400000024,
              "p995": 180.03214400000024,
              "p999": 180.03214400000024,
              "sampleCount": 10,
              "median": 168.24368849999996
            },
            {
              "id": "511157780_0_1",
              "name": "pdf-parse cjs build",
              "rank": 1,
              "rme": 1.0147647226194372,
              "samples": [],
              "totalTime": 1601.6981780000015,
              "min": 157.17189099999996,
              "max": 164.2477369999997,
              "hz": 6.243373525270996,
              "period": 160.16981780000015,
              "mean": 160.16981780000015,
              "variance": 5.163056573917517,
              "sd": 2.272236029535118,
              "sem": 0.71854412348286,
              "df": 9,
              "critical": 2.262,
              "moe": 1.6253468073182293,
              "p75": 161.61791100000028,
              "p99": 164.2477369999997,
              "p995": 164.2477369999997,
              "p999": 164.2477369999997,
              "sampleCount": 10,
              "median": 159.52270250000038
            },
            {
              "id": "511157780_0_2",
              "name": "pdf-parse browser build",
              "rank": 2,
              "rme": 4.8694997778767775,
              "samples": [],
              "totalTime": 1638.6683009999988,
              "min": 155.65086200000042,
              "max": 194.08188100000007,
              "hz": 6.102516289536749,
              "period": 163.86683009999987,
              "mean": 163.86683009999987,
              "variance": 124.44160528213423,
              "sd": 11.155339765427776,
              "sem": 3.5276281731800223,
              "df": 9,
              "critical": 2.262,
              "moe": 7.97949492773321,
              "p75": 164.4830689999999,
              "p99": 194.08188100000007,
              "p995": 194.08188100000007,
              "p999": 194.08188100000007,
              "sampleCount": 10,
              "median": 161.81392249999953
            },
            {
              "id": "511157780_0_3",
              "name": "pdf2json",
              "rank": 4,
              "rme": 7.887686948634248,
              "samples": [],
              "totalTime": 2917.7878710000005,
              "min": 264.81762400000116,
              "max": 355.97468300000037,
              "hz": 3.427253947893321,
              "period": 291.77878710000005,
              "mean": 291.77878710000005,
              "variance": 1035.1935551780616,
              "sd": 32.17442392923394,
              "sem": 10.174446202020341,
              "df": 9,
              "critical": 2.262,
              "moe": 23.014597308970014,
              "p75": 301.30438499999946,
              "p99": 355.97468300000037,
              "p995": 355.97468300000037,
              "p999": 355.97468300000037,
              "sampleCount": 10,
              "median": 277.3731955000003
            }
          ]
        }
      ]
    }
  ]
}