{
  "files": [
    {
      "filepath": "/home/runner/work/pdf-parse/pdf-parse/test/benchmark/package.bench.ts",
      "groups": [
        {
          "fullName": "test/benchmark/package.bench.ts > Parsing Files",
          "benchmarks": [
            {
              "id": "511157780_0_0",
              "name": "pdf-parse esm build",
              "rank": 1,
              "rme": 1.3970909869787664,
              "samples": [],
              "totalTime": 8263.751674999998,
              "min": 158.46941699999843,
              "max": 211.64425500000016,
              "hz": 6.050520631115167,
              "period": 165.27503349999995,
              "mean": 165.27503349999995,
              "variance": 65.97134775845105,
              "sd": 8.122274789641818,
              "sem": 1.1486631164832535,
              "df": 49,
              "critical": 2.0102,
              "moe": 2.309042596754636,
              "p75": 166.64557100000002,
              "p99": 211.64425500000016,
              "p995": 211.64425500000016,
              "p999": 211.64425500000016,
              "sampleCount": 50,
              "median": 163.22530349999988
            },
            {
              "id": "511157780_0_1",
              "name": "pdf-parse cjs build",
              "rank": 2,
              "rme": 0,
              "samples": []
            },
            {
              "id": "511157780_0_2",
              "name": "pdf-parse browser build",
              "rank": 3,
              "rme": 1.1974155398416175,
              "samples": [],
              "totalTime": 8099.463422000012,
              "min": 158.1714950000005,
              "max": 206.7269610000003,
              "hz": 6.173248448062431,
              "period": 161.98926844000025,
              "mean": 161.98926844000025,
              "variance": 46.55364980351166,
              "sd": 6.823023508937344,
              "sem": 0.9649212382729656,
              "df": 49,
              "critical": 2.0102,
              "moe": 1.9396846731763158,
              "p75": 162.2843150000008,
              "p99": 206.7269610000003,
              "p995": 206.7269610000003,
              "p999": 206.7269610000003,
              "sampleCount": 50,
              "median": 160.7375809999994
            },
            {
              "id": "511157780_0_3",
              "name": "pdf2json",
              "rank": 4,
              "rme": 1.71975869327427,
              "samples": [],
              "totalTime": 14163.272255,
              "min": 266.7402260000017,
              "max": 324.8277209999942,
              "hz": 3.530257633955226,
              "period": 283.2654451,
              "mean": 283.2654451,
              "variance": 293.6389701759099,
              "sd": 17.135897122004142,
              "sem": 2.423381811336834,
              "df": 49,
              "critical": 2.0102,
              "moe": 4.871482117149305,
              "p75": 289.7797350000001,
              "p99": 324.8277209999942,
              "p995": 324.8277209999942,
              "p999": 324.8277209999942,
              "sampleCount": 50,
              "median": 275.9322475000008
            }
          ]
        }
      ]
    }
  ]
}