{
  "files": [
    {
      "filepath": "/home/runner/work/pdf-parse/pdf-parse/test/benchmark/package.bench.ts",
      "groups": [
        {
          "fullName": "test/benchmark/package.bench.ts > Parsing Files",
          "benchmarks": [
            {
              "id": "511157780_0_0",
              "name": "pdf-parse esm build",
              "rank": 2,
              "rme": 2.0477802426224643,
              "samples": [],
              "totalTime": 1703.244581,
              "min": 164.71526700000004,
              "max": 180.24589800000012,
              "hz": 5.871147403932355,
              "period": 170.3244581,
              "mean": 170.3244581,
              "variance": 23.77582128362114,
              "sd": 4.876045660534891,
              "sem": 1.5419410262270454,
              "df": 9,
              "critical": 2.262,
              "moe": 3.487870601325577,
              "p75": 172.98055299999987,
              "p99": 180.24589800000012,
              "p995": 180.24589800000012,
              "p999": 180.24589800000012,
              "sampleCount": 10,
              "median": 169.95754050000005
            },
            {
              "id": "511157780_0_1",
              "name": "pdf-parse cjs build",
              "rank": 1,
              "rme": 1.2116500910872474,
              "samples": [],
              "totalTime": 1658.2407199999998,
              "min": 162.17502500000046,
              "max": 169.5983639999995,
              "hz": 6.0304875398307685,
              "period": 165.82407199999997,
              "mean": 165.82407199999997,
              "variance": 7.889770826628612,
              "sd": 2.808873586801053,
              "sem": 0.8882438193777996,
              "df": 9,
              "critical": 2.262,
              "moe": 2.0092075194325827,
              "p75": 168.62791300000026,
              "p99": 169.5983639999995,
              "p995": 169.5983639999995,
              "p999": 169.5983639999995,
              "sampleCount": 10,
              "median": 165.21893349999982
            },
            {
              "id": "511157780_0_2",
              "name": "pdf-parse browser build",
              "rank": 3,
              "rme": 5.219848891955293,
              "samples": [],
              "totalTime": 1711.3628709999994,
              "min": 163.55208800000037,
              "max": 206.3629439999986,
              "hz": 5.843296105960688,
              "period": 171.13628709999995,
              "mean": 171.13628709999995,
              "variance": 155.9605907723619,
              "sd": 12.488418265431452,
              "sem": 3.949184609161262,
              "df": 9,
              "critical": 2.262,
              "moe": 8.933055585922775,
              "p75": 168.9225260000003,
              "p99": 206.3629439999986,
              "p995": 206.3629439999986,
              "p999": 206.3629439999986,
              "sampleCount": 10,
              "median": 167.84640900000022
            },
            {
              "id": "511157780_0_3",
              "name": "pdf2json",
              "rank": 4,
              "rme": 5.061971300459547,
              "samples": [],
              "totalTime": 2834.0806770000036,
              "min": 263.1665830000002,
              "max": 319.66165700000056,
              "hz": 3.5284810630674888,
              "period": 283.40806770000034,
              "mean": 283.40806770000034,
              "variance": 402.23381118648746,
              "sd": 20.05576752922928,
              "sem": 6.342190561521211,
              "df": 9,
              "critical": 2.262,
              "moe": 14.34603505016098,
              "p75": 294.73879000000125,
              "p99": 319.66165700000056,
              "p995": 319.66165700000056,
              "p999": 319.66165700000056,
              "sampleCount": 10,
              "median": 275.4305925000008
            }
          ]
        }
      ]
    }
  ]
}