{
  "files": [
    {
      "filepath": "/home/runner/work/pdf-parse/pdf-parse/test/benchmark/package.bench.ts",
      "groups": [
        {
          "fullName": "test/benchmark/package.bench.ts > Parsing Files",
          "benchmarks": [
            {
              "id": "511157780_0_0",
              "name": "pdf-parse esm build",
              "rank": 1,
              "rme": 1.1914749898503845,
              "samples": [],
              "totalTime": 8221.929600000001,
              "min": 157.5997299999999,
              "max": 203.13988400000017,
              "hz": 6.081297509528662,
              "period": 164.43859200000003,
              "mean": 164.43859200000003,
              "variance": 47.49728954295084,
              "sd": 6.891827736018279,
              "sem": 0.9746516253816113,
              "df": 49,
              "critical": 2.0102,
              "moe": 1.9592446973421154,
              "p75": 166.04643600000054,
              "p99": 203.13988400000017,
              "p995": 203.13988400000017,
              "p999": 203.13988400000017,
              "sampleCount": 50,
              "median": 163.3960579999998
            },
            {
              "id": "511157780_0_1",
              "name": "pdf-parse cjs build",
              "rank": 2,
              "rme": 0,
              "samples": []
            },
            {
              "id": "511157780_0_2",
              "name": "pdf-parse browser build",
              "rank": 3,
              "rme": 1.114565975595533,
              "samples": [],
              "totalTime": 8115.888576000001,
              "min": 158.03919900000074,
              "max": 205.1304280000004,
              "hz": 6.160754861501932,
              "period": 162.31777152000004,
              "mean": 162.31777152000004,
              "variance": 40.49814887878545,
              "sd": 6.363815591198841,
              "sem": 0.8999794317514757,
              "df": 49,
              "critical": 2.0102,
              "moe": 1.8091386537068166,
              "p75": 162.72827900000084,
              "p99": 205.1304280000004,
              "p995": 205.1304280000004,
              "p999": 205.1304280000004,
              "sampleCount": 50,
              "median": 161.25304300000062
            },
            {
              "id": "511157780_0_3",
              "name": "pdf2json",
              "rank": 4,
              "rme": 1.86512213367153,
              "samples": [],
              "totalTime": 14445.196987999982,
              "min": 266.39251999999397,
              "max": 342.1964059999955,
              "hz": 3.461358127655605,
              "period": 288.9039397599996,
              "mean": 288.9039397599996,
              "variance": 359.26337677787046,
              "sd": 18.95424429456027,
              "sem": 2.680534934589999,
              "df": 49,
              "critical": 2.0102,
              "moe": 5.388411325512816,
              "p75": 297.247628000001,
              "p99": 342.1964059999955,
              "p995": 342.1964059999955,
              "p999": 342.1964059999955,
              "sampleCount": 50,
              "median": 279.5317995000005
            }
          ]
        }
      ]
    }
  ]
}