{
  "files": [
    {
      "filepath": "/home/runner/work/pdf-parse/pdf-parse/test/benchmark/package.bench.ts",
      "groups": [
        {
          "fullName": "test/benchmark/package.bench.ts > Parsing Files",
          "benchmarks": [
            {
              "id": "511157780_0_0",
              "name": "pdf-parse esm build",
              "rank": 3,
              "rme": 2.3668901512319387,
              "samples": [],
              "totalTime": 1663.7166770000008,
              "min": 161.15097300000025,
              "max": 179.05813399999988,
              "hz": 6.010638793398352,
              "period": 166.37166770000007,
              "mean": 166.37166770000007,
              "variance": 30.306078501196843,
              "sd": 5.505095685017368,
              "sem": 1.7408641101819762,
              "df": 9,
              "critical": 2.262,
              "moe": 3.9378346172316303,
              "p75": 169.3386700000001,
              "p99": 179.05813399999988,
              "p995": 179.05813399999988,
              "p999": 179.05813399999988,
              "sampleCount": 10,
              "median": 165.60069850000014
            },
            {
              "id": "511157780_0_1",
              "name": "pdf-parse cjs build",
              "rank": 1,
              "rme": 1.0740675308480414,
              "samples": [],
              "totalTime": 1617.1112119999998,
              "min": 158.69589899999937,
              "max": 165.5245130000003,
              "hz": 6.183866592349124,
              "period": 161.71112119999998,
              "mean": 161.71112119999998,
              "variance": 5.896003753761765,
              "sd": 2.428168806685764,
              "sem": 0.7678543972500103,
              "df": 9,
              "critical": 2.262,
              "moe": 1.7368866465795232,
              "p75": 164.1883029999999,
              "p99": 165.5245130000003,
              "p995": 165.5245130000003,
              "p999": 165.5245130000003,
              "sampleCount": 10,
              "median": 160.92487849999998
            },
            {
              "id": "511157780_0_2",
              "name": "pdf-parse browser build",
              "rank": 2,
              "rme": 4.409671367637774,
              "samples": [],
              "totalTime": 1637.6990639999995,
              "min": 157.26194599999963,
              "max": 191.79293099999995,
              "hz": 6.106127932671276,
              "period": 163.76990639999994,
              "mean": 163.76990639999994,
              "variance": 101.92845700047489,
              "sd": 10.095962410809328,
              "sem": 3.192623638960203,
              "df": 9,
              "critical": 2.262,
              "moe": 7.221714671327979,
              "p75": 163.12163799999962,
              "p99": 191.79293099999995,
              "p995": 191.79293099999995,
              "p999": 191.79293099999995,
              "sampleCount": 10,
              "median": 160.93379349999987
            },
            {
              "id": "511157780_0_3",
              "name": "pdf2json",
              "rank": 4,
              "rme": 4.446353628974006,
              "samples": [],
              "totalTime": 2846.2926979999975,
              "min": 266.0706250000003,
              "max": 314.60885999999846,
              "hz": 3.5133421123648643,
              "period": 284.62926979999975,
              "mean": 284.62926979999975,
              "variance": 313.0270846668316,
              "sd": 17.692571454337315,
              "sem": 5.594882346098366,
              "df": 9,
              "critical": 2.262,
              "moe": 12.655623866874505,
              "p75": 296.79079699999966,
              "p99": 314.60885999999846,
              "p995": 314.60885999999846,
              "p999": 314.60885999999846,
              "sampleCount": 10,
              "median": 277.2484475000001
            }
          ]
        }
      ]
    }
  ]
}