{
  "files": [
    {
      "filepath": "/home/runner/work/pdf-parse/pdf-parse/test/benchmark/package.bench.ts",
      "groups": [
        {
          "fullName": "test/benchmark/package.bench.ts > Parsing Files",
          "benchmarks": [
            {
              "id": "511157780_0_0",
              "name": "pdf-parse esm build",
              "rank": 3,
              "rme": 1.8702568349641555,
              "samples": [],
              "totalTime": 1649.2366880000004,
              "min": 159.9028370000001,
              "max": 174.5591940000004,
              "hz": 6.063411075415027,
              "period": 164.92366880000003,
              "mean": 164.92366880000003,
              "variance": 18.594447327301186,
              "sd": 4.312127934941308,
              "sem": 1.3636145836452904,
              "df": 9,
              "critical": 2.262,
              "moe": 3.0844961882056467,
              "p75": 166.72529200000008,
              "p99": 174.5591940000004,
              "p995": 174.5591940000004,
              "p999": 174.5591940000004,
              "sampleCount": 10,
              "median": 164.8077159999998
            },
            {
              "id": "511157780_0_1",
              "name": "pdf-parse cjs build",
              "rank": 1,
              "rme": 1.5688860344320876,
              "samples": [],
              "totalTime": 1597.5749739999983,
              "min": 156.684706,
              "max": 169.09350799999993,
              "hz": 6.259487136908549,
              "period": 159.75749739999983,
              "mean": 159.75749739999983,
              "variance": 12.277786876994494,
              "sd": 3.503967305354674,
              "sem": 1.1080517531683478,
              "df": 9,
              "critical": 2.262,
              "moe": 2.506413065666803,
              "p75": 160.43779899999936,
              "p99": 169.09350799999993,
              "p995": 169.09350799999993,
              "p999": 169.09350799999993,
              "sampleCount": 10,
              "median": 158.84404249999943
            },
            {
              "id": "511157780_0_2",
              "name": "pdf-parse browser build",
              "rank": 2,
              "rme": 4.270776763174129,
              "samples": [],
              "totalTime": 1642.183111999998,
              "min": 155.83848000000035,
              "max": 183.38139299999966,
              "hz": 6.089454901177922,
              "period": 164.2183111999998,
              "mean": 164.2183111999998,
              "variance": 96.13282485716144,
              "sd": 9.804734818298833,
              "sem": 3.1005293879781473,
              "df": 9,
              "critical": 2.262,
              "moe": 7.01339747560657,
              "p75": 163.00242199999957,
              "p99": 183.38139299999966,
              "p995": 183.38139299999966,
              "p999": 183.38139299999966,
              "sampleCount": 10,
              "median": 160.2671264999999
            },
            {
              "id": "511157780_0_3",
              "name": "pdf2json",
              "rank": 4,
              "rme": 6.8461909453072,
              "samples": [],
              "totalTime": 2838.801822999998,
              "min": 263.76944600000024,
              "max": 355.0609850000001,
              "hz": 3.5226129273906728,
              "period": 283.8801822999998,
              "mean": 283.8801822999998,
              "variance": 738.2151695454099,
              "sd": 27.170115376004755,
              "sem": 8.591944887773721,
              "df": 9,
              "critical": 2.262,
              "moe": 19.434979336144156,
              "p75": 285.8275300000005,
              "p99": 355.0609850000001,
              "p995": 355.0609850000001,
              "p999": 355.0609850000001,
              "sampleCount": 10,
              "median": 275.17973599999914
            }
          ]
        }
      ]
    }
  ]
}