{
  "files": [
    {
      "filepath": "/home/runner/work/pdf-parse/pdf-parse/test/benchmark/package.bench.ts",
      "groups": [
        {
          "fullName": "test/benchmark/package.bench.ts > Parsing Files",
          "benchmarks": [
            {
              "id": "511157780_0_0",
              "name": "pdf-parse esm build",
              "rank": 3,
              "rme": 1.1759355160335496,
              "samples": [],
              "totalTime": 8243.946952000004,
              "min": 157.0159789999998,
              "max": 204.9381059999996,
              "hz": 6.065056009108581,
              "period": 164.8789390400001,
              "mean": 164.8789390400001,
              "variance": 46.51455280661702,
              "sd": 6.820157828570906,
              "sem": 0.9645159698690013,
              "df": 49,
              "critical": 2.0102,
              "moe": 1.9388700026306667,
              "p75": 165.75469199999952,
              "p99": 204.9381059999996,
              "p995": 204.9381059999996,
              "p999": 204.9381059999996,
              "sampleCount": 50,
              "median": 163.9419499999999
            },
            {
              "id": "511157780_0_1",
              "name": "pdf-parse cjs build",
              "rank": 2,
              "rme": 1.364542021284836,
              "samples": [],
              "totalTime": 8132.190243000006,
              "min": 155.97947099999874,
              "max": 212.9312060000011,
              "hz": 6.148405104398387,
              "period": 162.64380486000013,
              "mean": 162.64380486000013,
              "variance": 60.945317923432725,
              "sd": 7.806748229796624,
              "sem": 1.1040409224610537,
              "df": 49,
              "critical": 2.0102,
              "moe": 2.2193430623312103,
              "p75": 163.5589089999994,
              "p99": 212.9312060000011,
              "p995": 212.9312060000011,
              "p999": 212.9312060000011,
              "sampleCount": 50,
              "median": 162.07654299999922
            },
            {
              "id": "511157780_0_2",
              "name": "pdf-parse browser build",
              "rank": 1,
              "rme": 1.3395854617023506,
              "samples": [],
              "totalTime": 7930.428138999992,
              "min": 153.41990499999883,
              "max": 206.81110500000068,
              "hz": 6.304829843184844,
              "period": 158.60856277999986,
              "mean": 158.60856277999986,
              "variance": 55.858025222079256,
              "sd": 7.473822664612752,
              "sem": 1.0569581375066777,
              "df": 49,
              "critical": 2.0102,
              "moe": 2.1246972480159236,
              "p75": 159.62971500000276,
              "p99": 206.81110500000068,
              "p995": 206.81110500000068,
              "p999": 206.81110500000068,
              "sampleCount": 50,
              "median": 157.35867700000017
            },
            {
              "id": "511157780_0_3",
              "name": "pdf2json",
              "rank": 4,
              "rme": 2.1138044321859466,
              "samples": [],
              "totalTime": 14044.61440699998,
              "min": 263.96111499999824,
              "max": 356.5471069999985,
              "hz": 3.560083498987305,
              "period": 280.8922881399996,
              "mean": 280.8922881399996,
              "variance": 436.215112176995,
              "sd": 20.885763385066753,
              "sem": 2.9536929839676804,
              "df": 49,
              "critical": 2.0102,
              "moe": 5.937513636371832,
              "p75": 289.99375300000247,
              "p99": 356.5471069999985,
              "p995": 356.5471069999985,
              "p999": 356.5471069999985,
              "sampleCount": 50,
              "median": 270.6277064999995
            }
          ]
        }
      ]
    }
  ]
}