{
  "files": [
    {
      "filepath": "/home/runner/work/pdf-parse/pdf-parse/test/benchmark/package.bench.ts",
      "groups": [
        {
          "fullName": "test/benchmark/package.bench.ts > Parsing Files",
          "benchmarks": [
            {
              "id": "511157780_0_0",
              "name": "pdf-parse esm build",
              "rank": 3,
              "rme": 2.631498406904057,
              "samples": [],
              "totalTime": 1649.6480709999996,
              "min": 157.520125,
              "max": 179.25764500000014,
              "hz": 6.061899004881752,
              "period": 164.96480709999997,
              "mean": 164.96480709999997,
              "variance": 36.8301619677464,
              "sd": 6.0687858726228265,
              "sem": 1.9191185989340627,
              "df": 9,
              "critical": 2.262,
              "moe": 4.3410462707888495,
              "p75": 167.1846859999996,
              "p99": 179.25764500000014,
              "p995": 179.25764500000014,
              "p999": 179.25764500000014,
              "sampleCount": 10,
              "median": 164.62958350000008
            },
            {
              "id": "511157780_0_1",
              "name": "pdf-parse cjs build",
              "rank": 1,
              "rme": 0.5786566897392326,
              "samples": [],
              "totalTime": 1577.857775999999,
              "min": 156.12787500000013,
              "max": 160.5204880000001,
              "hz": 6.337706827639963,
              "period": 157.7857775999999,
              "mean": 157.7857775999999,
              "variance": 1.6292677620484082,
              "sd": 1.276427734753679,
              "sem": 0.40364189104308884,
              "df": 9,
              "critical": 2.262,
              "moe": 0.9130379575394669,
              "p75": 158.3399529999997,
              "p99": 160.5204880000001,
              "p995": 160.5204880000001,
              "p999": 160.5204880000001,
              "sampleCount": 10,
              "median": 157.58749849999958
            },
            {
              "id": "511157780_0_2",
              "name": "pdf-parse browser build",
              "rank": 2,
              "rme": 2.8686979903790224,
              "samples": [],
              "totalTime": 1591.0148739999977,
              "min": 156.04643099999976,
              "max": 176.9728929999992,
              "hz": 6.2852963623519305,
              "period": 159.10148739999977,
              "mean": 159.10148739999977,
              "variance": 40.71298420462766,
              "sd": 6.3806727078441865,
              "sem": 2.017745876086175,
              "df": 9,
              "critical": 2.262,
              "moe": 4.564141171706927,
              "p75": 157.82128699999976,
              "p99": 176.9728929999992,
              "p995": 176.9728929999992,
              "p999": 176.9728929999992,
              "sampleCount": 10,
              "median": 157.12846350000018
            },
            {
              "id": "511157780_0_3",
              "name": "pdf2json",
              "rank": 4,
              "rme": 6.6213682888873,
              "samples": [],
              "totalTime": 2806.982331999996,
              "min": 258.2868240000007,
              "max": 343.58348599999954,
              "hz": 3.562544689362161,
              "period": 280.6982331999996,
              "mean": 280.6982331999996,
              "variance": 675.1334812406759,
              "sd": 25.98333083422285,
              "sem": 8.216650663382714,
              "df": 9,
              "critical": 2.262,
              "moe": 18.586063800571697,
              "p75": 293.8583439999984,
              "p99": 343.58348599999954,
              "p995": 343.58348599999954,
              "p999": 343.58348599999954,
              "sampleCount": 10,
              "median": 270.17556199999945
            }
          ]
        }
      ]
    }
  ]
}