{
  "files": [
    {
      "filepath": "/home/runner/work/pdf-parse/pdf-parse/test/benchmark/package.bench.ts",
      "groups": [
        {
          "fullName": "test/benchmark/package.bench.ts > Parsing Files",
          "benchmarks": [
            {
              "id": "511157780_0_0",
              "name": "pdf-parse esm build",
              "rank": 3,
              "rme": 1.501898829239963,
              "samples": [],
              "totalTime": 8126.7525229999965,
              "min": 154.16778200000044,
              "max": 211.27699499999926,
              "hz": 6.152519085390146,
              "period": 162.53505045999992,
              "mean": 162.53505045999992,
              "variance": 73.7338456323428,
              "sd": 8.586841423500426,
              "sem": 1.2143627599061395,
              "df": 49,
              "critical": 2.0102,
              "moe": 2.441112019963322,
              "p75": 165.26157599999988,
              "p99": 211.27699499999926,
              "p995": 211.27699499999926,
              "p999": 211.27699499999926,
              "sampleCount": 50,
              "median": 161.36232299999983
            },
            {
              "id": "511157780_0_1",
              "name": "pdf-parse cjs build",
              "rank": 2,
              "rme": 1.2654617374651151,
              "samples": [],
              "totalTime": 7988.1820710000065,
              "min": 154.68307899999854,
              "max": 204.96864500000083,
              "hz": 6.25924641621754,
              "period": 159.76364142000014,
              "mean": 159.76364142000014,
              "variance": 50.576107901652925,
              "sd": 7.111688118980818,
              "sem": 1.0057445789230277,
              "df": 49,
              "critical": 2.0102,
              "moe": 2.0217477525510703,
              "p75": 161.28346599999895,
              "p99": 204.96864500000083,
              "p995": 204.96864500000083,
              "p999": 204.96864500000083,
              "sampleCount": 50,
              "median": 157.90256750000026
            },
            {
              "id": "511157780_0_2",
              "name": "pdf-parse browser build",
              "rank": 1,
              "rme": 1.72129780529326,
              "samples": [],
              "totalTime": 7906.858555999992,
              "min": 153.12189800000124,
              "max": 204.0098020000005,
              "hz": 6.323623933054716,
              "period": 158.13717111999983,
              "mean": 158.13717111999983,
              "variance": 91.67932944203821,
              "sd": 9.574932346603719,
              "sem": 1.3540999183371822,
              "df": 49,
              "critical": 2.0102,
              "moe": 2.722011655841404,
              "p75": 157.8831879999998,
              "p99": 204.0098020000005,
              "p995": 204.0098020000005,
              "p999": 204.0098020000005,
              "sampleCount": 50,
              "median": 156.13366750000205
            },
            {
              "id": "511157780_0_3",
              "name": "pdf2json",
              "rank": 4,
              "rme": 1.8302159518647265,
              "samples": [],
              "totalTime": 14370.87633000001,
              "min": 268.629611999997,
              "max": 332.0805189999992,
              "hz": 3.4792589437028414,
              "period": 287.4175266000002,
              "mean": 287.4175266000002,
              "variance": 342.39123223595516,
              "sd": 18.503816693751457,
              "sem": 2.616834852396899,
              "df": 49,
              "critical": 2.0102,
              "moe": 5.260361420288247,
              "p75": 302.0324479999981,
              "p99": 332.0805189999992,
              "p995": 332.0805189999992,
              "p999": 332.0805189999992,
              "sampleCount": 50,
              "median": 278.9609909999999
            }
          ]
        }
      ]
    }
  ]
}