{
  "files": [
    {
      "filepath": "/home/runner/work/pdf-parse/pdf-parse/test/benchmark/package.bench.ts",
      "groups": [
        {
          "fullName": "test/benchmark/package.bench.ts > Parsing Files",
          "benchmarks": [
            {
              "id": "511157780_0_0",
              "name": "pdf-parse esm build",
              "rank": 3,
              "rme": 2.019335301389752,
              "samples": [],
              "totalTime": 1660.7840180000007,
              "min": 159.46107900000015,
              "max": 174.04379000000017,
              "hz": 6.021252547963763,
              "period": 166.07840180000008,
              "mean": 166.07840180000008,
              "variance": 21.981533542210418,
              "sd": 4.688446815546746,
              "sem": 1.482617062569105,
              "df": 9,
              "critical": 2.262,
              "moe": 3.3536797955313156,
              "p75": 169.73222099999975,
              "p99": 174.04379000000017,
              "p995": 174.04379000000017,
              "p999": 174.04379000000017,
              "sampleCount": 10,
              "median": 165.80984000000012
            },
            {
              "id": "511157780_0_1",
              "name": "pdf-parse cjs build",
              "rank": 2,
              "rme": 1.7315858794449916,
              "samples": [],
              "totalTime": 1596.337953000001,
              "min": 156.91827999999987,
              "max": 169.6947169999994,
              "hz": 6.264337686895797,
              "period": 159.63379530000012,
              "mean": 159.63379530000012,
              "variance": 14.933188539306267,
              "sd": 3.8643483977646564,
              "sem": 1.2220142609358642,
              "df": 9,
              "critical": 2.262,
              "moe": 2.764196258236925,
              "p75": 160.4018820000001,
              "p99": 169.6947169999994,
              "p995": 169.6947169999994,
              "p999": 169.6947169999994,
              "sampleCount": 10,
              "median": 158.26504250000016
            },
            {
              "id": "511157780_0_2",
              "name": "pdf-parse browser build",
              "rank": 1,
              "rme": 1.283434614492519,
              "samples": [],
              "totalTime": 1596.0147549999983,
              "min": 155.6813320000001,
              "max": 163.90867100000014,
              "hz": 6.265606234949884,
              "period": 159.60147549999982,
              "mean": 159.60147549999982,
              "variance": 8.200420056441764,
              "sd": 2.8636375567522094,
              "sem": 0.9055617072536671,
              "df": 9,
              "critical": 2.262,
              "moe": 2.048380581807795,
              "p75": 162.04223699999966,
              "p99": 163.90867100000014,
              "p995": 163.90867100000014,
              "p999": 163.90867100000014,
              "sampleCount": 10,
              "median": 159.53506400000015
            },
            {
              "id": "511157780_0_3",
              "name": "pdf2json",
              "rank": 4,
              "rme": 6.220519802593099,
              "samples": [],
              "totalTime": 2948.9362710000005,
              "min": 272.14273200000025,
              "max": 356.33982599999945,
              "hz": 3.391053275155704,
              "period": 294.89362710000006,
              "mean": 294.89362710000006,
              "variance": 657.6562126871273,
              "sd": 25.644808688838513,
              "sem": 8.109600561600598,
              "df": 9,
              "critical": 2.262,
              "moe": 18.343916470340552,
              "p75": 302.0578570000016,
              "p99": 356.33982599999945,
              "p995": 356.33982599999945,
              "p999": 356.33982599999945,
              "sampleCount": 10,
              "median": 285.9544065
            }
          ]
        }
      ]
    }
  ]
}