{
  "files": [
    {
      "filepath": "/home/runner/work/pdf-parse/pdf-parse/test/benchmark/package.bench.ts",
      "groups": [
        {
          "fullName": "test/benchmark/package.bench.ts > Parsing Files",
          "benchmarks": [
            {
              "id": "511157780_0_0",
              "name": "pdf-parse esm build",
              "rank": 3,
              "rme": 2.9518154087124793,
              "samples": [],
              "totalTime": 1728.677991999999,
              "min": 165.8648519999997,
              "max": 189.42009299999972,
              "hz": 5.784767346074946,
              "period": 172.8677991999999,
              "mean": 172.8677991999999,
              "variance": 50.88870458848669,
              "sd": 7.133631935310841,
              "sem": 2.255852490489719,
              "df": 9,
              "critical": 2.262,
              "moe": 5.1027383334877445,
              "p75": 175.44740999999976,
              "p99": 189.42009299999972,
              "p995": 189.42009299999972,
              "p999": 189.42009299999972,
              "sampleCount": 10,
              "median": 171.5410559999998
            },
            {
              "id": "511157780_0_1",
              "name": "pdf-parse cjs build",
              "rank": 1,
              "rme": 1.4367423664585994,
              "samples": [],
              "totalTime": 1637.8664330000001,
              "min": 159.93998900000042,
              "max": 171.81294900000012,
              "hz": 6.105503964498184,
              "period": 163.7866433,
              "mean": 163.7866433,
              "variance": 10.82254899004106,
              "sd": 3.2897642757561005,
              "sem": 1.0403148076443525,
              "df": 9,
              "critical": 2.262,
              "moe": 2.3531920948915253,
              "p75": 164.417324,
              "p99": 171.81294900000012,
              "p995": 171.81294900000012,
              "p999": 171.81294900000012,
              "sampleCount": 10,
              "median": 163.17315999999983
            },
            {
              "id": "511157780_0_2",
              "name": "pdf-parse browser build",
              "rank": 2,
              "rme": 5.89458429019215,
              "samples": [],
              "totalTime": 1699.2569299999977,
              "min": 161.04988199999934,
              "max": 209.2237869999999,
              "hz": 5.884925241999757,
              "period": 169.92569299999977,
              "mean": 169.92569299999977,
              "variance": 196.0826930402958,
              "sd": 14.00295301142926,
              "sem": 4.428122548443028,
              "df": 9,
              "critical": 2.262,
              "moe": 10.016413204578129,
              "p75": 167.4409139999998,
              "p99": 209.2237869999999,
              "p995": 209.2237869999999,
              "p999": 209.2237869999999,
              "sampleCount": 10,
              "median": 167.1859599999998
            },
            {
              "id": "511157780_0_3",
              "name": "pdf2json",
              "rank": 4,
              "rme": 7.264767338544913,
              "samples": [],
              "totalTime": 2962.0350039999994,
              "min": 274.53599100000065,
              "max": 366.4058789999999,
              "hz": 3.37605733439874,
              "period": 296.20350039999994,
              "mean": 296.20350039999994,
              "variance": 904.9791887732831,
              "sd": 30.08287201670218,
              "sem": 9.513039413212178,
              "df": 9,
              "critical": 2.262,
              "moe": 21.518495152685947,
              "p75": 309.9639589999988,
              "p99": 366.4058789999999,
              "p995": 366.4058789999999,
              "p999": 366.4058789999999,
              "sampleCount": 10,
              "median": 282.2010310000005
            }
          ]
        }
      ]
    }
  ]
}