{
  "files": [
    {
      "filepath": "/home/runner/work/pdf-parse/pdf-parse/test/benchmark/package.bench.ts",
      "groups": [
        {
          "fullName": "test/benchmark/package.bench.ts > Parsing Files",
          "benchmarks": [
            {
              "id": "511157780_0_0",
              "name": "pdf-parse esm build",
              "rank": 3,
              "rme": 1.248001064818342,
              "samples": [],
              "totalTime": 8117.999940000002,
              "min": 155.81388999999945,
              "max": 189.26057400000082,
              "hz": 6.159152546138105,
              "period": 162.35999880000006,
              "mean": 162.35999880000006,
              "variance": 50.801841794668995,
              "sd": 7.1275410763228155,
              "sem": 1.0079865256507052,
              "df": 49,
              "critical": 2.0102,
              "moe": 2.026254513863048,
              "p75": 162.543095,
              "p99": 189.26057400000082,
              "p995": 189.26057400000082,
              "p999": 189.26057400000082,
              "sampleCount": 50,
              "median": 160.74639100000013
            },
            {
              "id": "511157780_0_1",
              "name": "pdf-parse cjs build",
              "rank": 2,
              "rme": 1.3591336734812831,
              "samples": [],
              "totalTime": 7998.666945000006,
              "min": 155.55295100000149,
              "max": 206.3715110000012,
              "hz": 6.251041622786303,
              "period": 159.97333890000013,
              "mean": 159.97333890000013,
              "variance": 58.49396094182739,
              "sd": 7.6481344746171525,
              "sem": 1.0816095500856802,
              "df": 49,
              "critical": 2.0102,
              "moe": 2.1742515175822343,
              "p75": 159.8506469999993,
              "p99": 206.3715110000012,
              "p995": 206.3715110000012,
              "p999": 206.3715110000012,
              "sampleCount": 50,
              "median": 157.79161449999992
            },
            {
              "id": "511157780_0_2",
              "name": "pdf-parse browser build",
              "rank": 1,
              "rme": 1.4752401803432524,
              "samples": [],
              "totalTime": 7947.102272999986,
              "min": 155.20407899999918,
              "max": 206.27514300000257,
              "hz": 6.291601426833694,
              "period": 158.94204545999972,
              "mean": 158.94204545999972,
              "variance": 68.02906900488844,
              "sd": 8.24797363022509,
              "sem": 1.1664396169959972,
              "df": 49,
              "critical": 2.0102,
              "moe": 2.344776918085354,
              "p75": 158.16579700000148,
              "p99": 206.27514300000257,
              "p995": 206.27514300000257,
              "p999": 206.27514300000257,
              "sampleCount": 50,
              "median": 156.89218149999942
            },
            {
              "id": "511157780_0_3",
              "name": "pdf2json",
              "rank": 4,
              "rme": 1.7528126870007266,
              "samples": [],
              "totalTime": 14222.39896299996,
              "min": 268.2361849999943,
              "max": 328.77544900000066,
              "hz": 3.5155813115689307,
              "period": 284.4479792599992,
              "mean": 284.4479792599992,
              "variance": 307.5871504964516,
              "sd": 17.53816268873258,
              "sem": 2.48027075335114,
              "df": 49,
              "critical": 2.0102,
              "moe": 4.985840268386462,
              "p75": 290.20955799999865,
              "p99": 328.77544900000066,
              "p995": 328.77544900000066,
              "p999": 328.77544900000066,
              "sampleCount": 50,
              "median": 276.34715999999753
            }
          ]
        }
      ]
    }
  ]
}