{
  "files": [
    {
      "filepath": "/home/runner/work/pdf-parse/pdf-parse/test/benchmark/package.bench.ts",
      "groups": [
        {
          "fullName": "test/benchmark/package.bench.ts > Parsing Files",
          "benchmarks": [
            {
              "id": "511157780_0_0",
              "name": "pdf-parse esm build",
              "rank": 3,
              "rme": 1.5035957618404148,
              "samples": [],
              "totalTime": 1658.7116340000002,
              "min": 161.794535,
              "max": 173.8068360000002,
              "hz": 6.0287754634510495,
              "period": 165.87116340000003,
              "mean": 165.87116340000003,
              "variance": 12.15678584361768,
              "sd": 3.486658263096296,
              "sem": 1.10257815340309,
              "df": 9,
              "critical": 2.262,
              "moe": 2.49403178299779,
              "p75": 168.18333600000005,
              "p99": 173.8068360000002,
              "p995": 173.8068360000002,
              "p999": 173.8068360000002,
              "sampleCount": 10,
              "median": 164.96183699999983
            },
            {
              "id": "511157780_0_1",
              "name": "pdf-parse cjs build",
              "rank": 1,
              "rme": 0.7546075717056501,
              "samples": [],
              "totalTime": 1616.0189490000002,
              "min": 159.9940370000004,
              "max": 165.2756589999999,
              "hz": 6.188046251677956,
              "period": 161.60189490000002,
              "mean": 161.60189490000002,
              "variance": 2.906364055611829,
              "sd": 1.7048061636478877,
              "sem": 0.5391070446221073,
              "df": 9,
              "critical": 2.262,
              "moe": 1.2194601349352068,
              "p75": 162.1351940000004,
              "p99": 165.2756589999999,
              "p995": 165.2756589999999,
              "p999": 165.2756589999999,
              "sampleCount": 10,
              "median": 161.2157044999999
            },
            {
              "id": "511157780_0_2",
              "name": "pdf-parse browser build",
              "rank": 2,
              "rme": 0.7265763834297124,
              "samples": [],
              "totalTime": 1619.8942800000013,
              "min": 159.51663799999915,
              "max": 164.95557100000042,
              "hz": 6.173242367396958,
              "period": 161.98942800000015,
              "mean": 161.98942800000015,
              "variance": 2.70738923378177,
              "sd": 1.6454146084746453,
              "sem": 0.5203257858094071,
              "df": 9,
              "critical": 2.262,
              "moe": 1.176976927500879,
              "p75": 163.34600800000044,
              "p99": 164.95557100000042,
              "p995": 164.95557100000042,
              "p999": 164.95557100000042,
              "sampleCount": 10,
              "median": 161.61592250000012
            },
            {
              "id": "511157780_0_3",
              "name": "pdf2json",
              "rank": 4,
              "rme": 5.040096421012918,
              "samples": [],
              "totalTime": 2912.8000680000023,
              "min": 272.361723,
              "max": 337.16325400000096,
              "hz": 3.433122688323142,
              "period": 291.28000680000025,
              "mean": 291.28000680000025,
              "variance": 421.22471080287545,
              "sd": 20.523759665394532,
              "sem": 6.490182669254198,
              "df": 9,
              "critical": 2.262,
              "moe": 14.680793197852996,
              "p75": 297.27713700000095,
              "p99": 337.16325400000096,
              "p995": 337.16325400000096,
              "p999": 337.16325400000096,
              "sampleCount": 10,
              "median": 281.98644650000006
            }
          ]
        }
      ]
    }
  ]
}