{
  "files": [
    {
      "filepath": "/home/runner/work/pdf-parse/pdf-parse/test/benchmark/package.bench.ts",
      "groups": [
        {
          "fullName": "test/benchmark/package.bench.ts > Parsing Files",
          "benchmarks": [
            {
              "id": "511157780_0_0",
              "name": "pdf-parse esm build",
              "rank": 3,
              "rme": 1.4060227354250703,
              "samples": [],
              "totalTime": 8111.085689999997,
              "min": 156.09924800000044,
              "max": 209.36695000000054,
              "hz": 6.164402881558019,
              "period": 162.22171379999995,
              "mean": 162.22171379999995,
              "variance": 64.37157333566829,
              "sd": 8.02318972327517,
              "sem": 1.1346503720148184,
              "df": 49,
              "critical": 2.0102,
              "moe": 2.280874177824188,
              "p75": 163.14727499999935,
              "p99": 209.36695000000054,
              "p995": 209.36695000000054,
              "p999": 209.36695000000054,
              "sampleCount": 50,
              "median": 160.43982000000005
            },
            {
              "id": "511157780_0_1",
              "name": "pdf-parse cjs build",
              "rank": 2,
              "rme": 1.2340856949825272,
              "samples": [],
              "totalTime": 8031.5150319999975,
              "min": 155.5489720000005,
              "max": 203.01703300000008,
              "hz": 6.22547549257952,
              "period": 160.63030063999994,
              "mean": 160.63030063999994,
              "variance": 48.6224734424755,
              "sd": 6.972981675185695,
              "sem": 0.9861285255226673,
              "df": 49,
              "critical": 2.0102,
              "moe": 1.982315562005666,
              "p75": 161.09674900000027,
              "p99": 203.01703300000008,
              "p995": 203.01703300000008,
              "p999": 203.01703300000008,
              "sampleCount": 50,
              "median": 159.04929999999968
            },
            {
              "id": "511157780_0_2",
              "name": "pdf-parse browser build",
              "rank": 1,
              "rme": 1.7067289865380542,
              "samples": [],
              "totalTime": 8024.929022999986,
              "min": 155.04219000000012,
              "max": 206.82706300000063,
              "hz": 6.230584701334633,
              "period": 160.49858045999972,
              "mean": 160.49858045999972,
              "variance": 92.84595489762062,
              "sd": 9.635660584392781,
              "sem": 1.3626881880872133,
              "df": 49,
              "critical": 2.0102,
              "moe": 2.7392757956929166,
              "p75": 160.41173400000116,
              "p99": 206.82706300000063,
              "p995": 206.82706300000063,
              "p999": 206.82706300000063,
              "sampleCount": 50,
              "median": 158.0452580000001
            },
            {
              "id": "511157780_0_3",
              "name": "pdf2json",
              "rank": 4,
              "rme": 1.8569969717490569,
              "samples": [],
              "totalTime": 14295.477108000006,
              "min": 268.36033699999825,
              "max": 334.02854899999875,
              "hz": 3.4976097420364587,
              "period": 285.9095421600001,
              "mean": 285.9095421600001,
              "variance": 348.7957288893658,
              "sd": 18.67607370111196,
              "sem": 2.641195671999202,
              "df": 49,
              "critical": 2.0102,
              "moe": 5.309331539852796,
              "p75": 298.3790270000027,
              "p99": 334.02854899999875,
              "p995": 334.02854899999875,
              "p999": 334.02854899999875,
              "sampleCount": 50,
              "median": 276.6754864999966
            }
          ]
        }
      ]
    }
  ]
}