{
  "files": [
    {
      "filepath": "/home/runner/work/pdf-parse/pdf-parse/test/benchmark/package.bench.ts",
      "groups": [
        {
          "fullName": "test/benchmark/package.bench.ts > Parsing Files",
          "benchmarks": [
            {
              "id": "511157780_0_0",
              "name": "pdf-parse esm build",
              "rank": 3,
              "rme": 1.2309486861852825,
              "samples": [],
              "totalTime": 8074.656005999995,
              "min": 154.65518899999915,
              "max": 194.42102500000055,
              "hz": 6.192214251956584,
              "period": 161.4931201199999,
              "mean": 161.4931201199999,
              "variance": 48.896684930137376,
              "sd": 6.992616458103317,
              "sem": 0.9889053031523026,
              "df": 49,
              "critical": 2.0102,
              "moe": 1.9878974403967589,
              "p75": 162.7868040000003,
              "p99": 194.42102500000055,
              "p995": 194.42102500000055,
              "p999": 194.42102500000055,
              "sampleCount": 50,
              "median": 159.18932799999948
            },
            {
              "id": "511157780_0_1",
              "name": "pdf-parse cjs build",
              "rank": 1,
              "rme": 1.0499140004832221,
              "samples": [],
              "totalTime": 7859.694519000002,
              "min": 153.75590899999952,
              "max": 193.1010380000007,
              "hz": 6.361570399349509,
              "period": 157.19389038000006,
              "mean": 157.19389038000006,
              "variance": 33.70313080292316,
              "sd": 5.805439759649837,
              "sem": 0.82101316436368,
              "df": 49,
              "critical": 2.0102,
              "moe": 1.6504006630038697,
              "p75": 156.9779899999994,
              "p99": 193.1010380000007,
              "p995": 193.1010380000007,
              "p999": 193.1010380000007,
              "sampleCount": 50,
              "median": 155.61202699999922
            },
            {
              "id": "511157780_0_2",
              "name": "pdf-parse browser build",
              "rank": 2,
              "rme": 1.72673619093769,
              "samples": [],
              "totalTime": 7887.749485999982,
              "min": 153.91580500000055,
              "max": 203.63282699999763,
              "hz": 6.3389437112252764,
              "period": 157.75498971999966,
              "mean": 157.75498971999966,
              "variance": 91.81415878053059,
              "sd": 9.581970506139674,
              "sem": 1.3550952644041716,
              "df": 49,
              "critical": 2.0102,
              "moe": 2.724012500505266,
              "p75": 156.69626100000096,
              "p99": 203.63282699999763,
              "p995": 203.63282699999763,
              "p999": 203.63282699999763,
              "sampleCount": 50,
              "median": 155.30057750000014
            },
            {
              "id": "511157780_0_3",
              "name": "pdf2json",
              "rank": 4,
              "rme": 1.9278144660243943,
              "samples": [],
              "totalTime": 14198.90937700001,
              "min": 268.68489700000646,
              "max": 357.2099469999994,
              "hz": 3.5213972194929353,
              "period": 283.9781875400002,
              "mean": 283.9781875400002,
              "variance": 370.8445515443452,
              "sd": 19.257324620630595,
              "sem": 2.7233969653517103,
              "df": 49,
              "critical": 2.0102,
              "moe": 5.474572579750008,
              "p75": 291.79711300000054,
              "p99": 357.2099469999994,
              "p995": 357.2099469999994,
              "p999": 357.2099469999994,
              "sampleCount": 50,
              "median": 274.35841249999794
            }
          ]
        }
      ]
    }
  ]
}