{
  "files": [
    {
      "filepath": "/home/runner/work/pdf-parse/pdf-parse/test/benchmark/package.bench.ts",
      "groups": [
        {
          "fullName": "test/benchmark/package.bench.ts > Parsing Files",
          "benchmarks": [
            {
              "id": "511157780_0_0",
              "name": "pdf-parse esm build",
              "rank": 1,
              "rme": 1.3834283200052324,
              "samples": [],
              "totalTime": 8182.807814,
              "min": 157.74080099999992,
              "max": 206.82130299999972,
              "hz": 6.110372030790555,
              "period": 163.65615628,
              "mean": 163.65615628,
              "variance": 63.42631563484895,
              "sd": 7.9640640149893915,
              "sem": 1.126288734160552,
              "df": 49,
              "critical": 2.0102,
              "moe": 2.264065613409542,
              "p75": 164.32373800000005,
              "p99": 206.82130299999972,
              "p995": 206.82130299999972,
              "p999": 206.82130299999972,
              "sampleCount": 50,
              "median": 161.39475649999986
            },
            {
              "id": "511157780_0_1",
              "name": "pdf-parse cjs build",
              "rank": 2,
              "rme": 0,
              "samples": []
            },
            {
              "id": "511157780_0_2",
              "name": "pdf-parse browser build",
              "rank": 3,
              "rme": 1.1250442572840278,
              "samples": [],
              "totalTime": 7979.951205999994,
              "min": 155.71453199999814,
              "max": 201.62529299999915,
              "hz": 6.265702472266475,
              "period": 159.59902411999988,
              "mean": 159.59902411999988,
              "variance": 39.89248995646982,
              "sd": 6.316050186348254,
              "sem": 0.8932243834162814,
              "df": 49,
              "critical": 2.0102,
              "moe": 1.795559655543409,
              "p75": 160.2302639999998,
              "p99": 201.62529299999915,
              "p995": 201.62529299999915,
              "p999": 201.62529299999915,
              "sampleCount": 50,
              "median": 158.73622250000062
            },
            {
              "id": "511157780_0_3",
              "name": "pdf2json",
              "rank": 4,
              "rme": 1.602636338481648,
              "samples": [],
              "totalTime": 14494.60745,
              "min": 273.7656449999995,
              "max": 326.6437589999987,
              "hz": 3.4495587529691947,
              "period": 289.892149,
              "mean": 289.892149,
              "variance": 267.07568201399005,
              "sd": 16.342450306303213,
              "sem": 2.3111714865582345,
              "df": 49,
              "critical": 2.0102,
              "moe": 4.645916922279364,
              "p75": 293.93251200000304,
              "p99": 326.6437589999987,
              "p995": 326.6437589999987,
              "p999": 326.6437589999987,
              "sampleCount": 50,
              "median": 281.46477799999957
            }
          ]
        }
      ]
    }
  ]
}