{
  "files": [
    {
      "filepath": "/home/runner/work/pdf-parse/pdf-parse/test/benchmark/package.bench.ts",
      "groups": [
        {
          "fullName": "test/benchmark/package.bench.ts > Parsing Files",
          "benchmarks": [
            {
              "id": "511157780_0_0",
              "name": "pdf-parse esm build",
              "rank": 3,
              "rme": 1.3226054928638045,
              "samples": [],
              "totalTime": 8165.5534410000055,
              "min": 155.2212350000009,
              "max": 194.63550599999962,
              "hz": 6.1232836648824485,
              "period": 163.31106882000012,
              "mean": 163.31106882000012,
              "variance": 57.727580206450476,
              "sd": 7.597866819473113,
              "sem": 1.0745006301203408,
              "df": 49,
              "critical": 2.0102,
              "moe": 2.1599611666679093,
              "p75": 164.6905999999999,
              "p99": 194.63550599999962,
              "p995": 194.63550599999962,
              "p999": 194.63550599999962,
              "sampleCount": 50,
              "median": 161.0977794999999
            },
            {
              "id": "511157780_0_1",
              "name": "pdf-parse cjs build",
              "rank": 2,
              "rme": 1.4135232112818041,
              "samples": [],
              "totalTime": 8065.1408129999945,
              "min": 153.91935999999987,
              "max": 207.48677999999927,
              "hz": 6.199519780163822,
              "period": 161.3028162599999,
              "mean": 161.3028162599999,
              "variance": 64.3252163811354,
              "sd": 8.020300267517134,
              "sem": 1.1342417412627293,
              "df": 49,
              "critical": 2.0102,
              "moe": 2.2800527482863386,
              "p75": 164.2989809999999,
              "p99": 207.48677999999927,
              "p995": 207.48677999999927,
              "p999": 207.48677999999927,
              "sampleCount": 50,
              "median": 158.38060899999982
            },
            {
              "id": "511157780_0_2",
              "name": "pdf-parse browser build",
              "rank": 1,
              "rme": 1.8582761527945197,
              "samples": [],
              "totalTime": 7983.616765999999,
              "min": 153.89076399999976,
              "max": 227.44985199999792,
              "hz": 6.262825667301076,
              "period": 159.67233531999997,
              "mean": 159.67233531999997,
              "variance": 108.93597598505005,
              "sd": 10.437239864305603,
              "sem": 1.4760486169842106,
              "df": 49,
              "critical": 2.0102,
              "moe": 2.9671529298616606,
              "p75": 159.34937600000194,
              "p99": 227.44985199999792,
              "p995": 227.44985199999792,
              "p999": 227.44985199999792,
              "sampleCount": 50,
              "median": 157.35346799999934
            },
            {
              "id": "511157780_0_3",
              "name": "pdf2json",
              "rank": 4,
              "rme": 1.8320331068283326,
              "samples": [],
              "totalTime": 14517.995004000026,
              "min": 272.46597699999984,
              "max": 339.5068960000026,
              "hz": 3.4440017362055784,
              "period": 290.3599000800005,
              "mean": 290.3599000800005,
              "variance": 350.1316567244312,
              "sd": 18.71180527700177,
              "sem": 2.646248879922035,
              "df": 49,
              "critical": 2.0102,
              "moe": 5.3194894984192755,
              "p75": 302.7688080000007,
              "p99": 339.5068960000026,
              "p995": 339.5068960000026,
              "p999": 339.5068960000026,
              "sampleCount": 50,
              "median": 281.44738849999703
            }
          ]
        }
      ]
    }
  ]
}