{
  "files": [
    {
      "filepath": "/home/runner/work/pdf-parse/pdf-parse/test/benchmark/package.bench.ts",
      "groups": [
        {
          "fullName": "test/benchmark/package.bench.ts > Parsing Files",
          "benchmarks": [
            {
              "id": "511157780_0_0",
              "name": "pdf-parse esm build",
              "rank": 3,
              "rme": 1.776215041642025,
              "samples": [],
              "totalTime": 1636.051222,
              "min": 159.2994490000001,
              "max": 173.07341899999983,
              "hz": 6.112278066560436,
              "period": 163.6051222,
              "mean": 163.6051222,
              "variance": 16.504397656978874,
              "sd": 4.062560480408738,
              "sem": 1.284694425027947,
              "df": 9,
              "critical": 2.262,
              "moe": 2.9059787894132163,
              "p75": 165.1570660000002,
              "p99": 173.07341899999983,
              "p995": 173.07341899999983,
              "p999": 173.07341899999983,
              "sampleCount": 10,
              "median": 163.1883324999999
            },
            {
              "id": "511157780_0_1",
              "name": "pdf-parse cjs build",
              "rank": 2,
              "rme": 1.4530825870677155,
              "samples": [],
              "totalTime": 1581.6513290000012,
              "min": 156.0348359999998,
              "max": 166.4827750000004,
              "hz": 6.322505988928988,
              "period": 158.16513290000012,
              "mean": 158.16513290000012,
              "variance": 10.323260746305307,
              "sd": 3.2129831537537363,
              "sem": 1.0160344849612786,
              "df": 9,
              "critical": 2.262,
              "moe": 2.2982700049824123,
              "p75": 159.3992670000007,
              "p99": 166.4827750000004,
              "p995": 166.4827750000004,
              "p999": 166.4827750000004,
              "sampleCount": 10,
              "median": 156.81552350000038
            },
            {
              "id": "511157780_0_2",
              "name": "pdf-parse browser build",
              "rank": 1,
              "rme": 1.3495853051189275,
              "samples": [],
              "totalTime": 1577.0119190000005,
              "min": 154.1687120000006,
              "max": 162.5631089999997,
              "hz": 6.341106163827286,
              "period": 157.70119190000005,
              "mean": 157.70119190000005,
              "variance": 8.852897417866595,
              "sd": 2.9753818944576835,
              "sem": 0.9408983695313002,
              "df": 9,
              "critical": 2.262,
              "moe": 2.128312111879801,
              "p75": 160.46405700000014,
              "p99": 162.5631089999997,
              "p995": 162.5631089999997,
              "p999": 162.5631089999997,
              "sampleCount": 10,
              "median": 157.36813449999954
            },
            {
              "id": "511157780_0_3",
              "name": "pdf2json",
              "rank": 4,
              "rme": 7.161907222033438,
              "samples": [],
              "totalTime": 2854.940650999997,
              "min": 261.3015899999991,
              "max": 354.06811500000003,
              "hz": 3.502699783442892,
              "period": 285.4940650999997,
              "mean": 285.4940650999997,
              "variance": 817.0833281485094,
              "sd": 28.584669460193332,
              "sem": 9.03926616572667,
              "df": 9,
              "critical": 2.262,
              "moe": 20.446820066873727,
              "p75": 300.9416009999986,
              "p99": 354.06811500000003,
              "p995": 354.06811500000003,
              "p999": 354.06811500000003,
              "sampleCount": 10,
              "median": 272.8008874999996
            }
          ]
        }
      ]
    }
  ]
}