{
  "files": [
    {
      "filepath": "/home/runner/work/pdf-parse/pdf-parse/test/benchmark/package.bench.ts",
      "groups": [
        {
          "fullName": "test/benchmark/package.bench.ts > Parsing Files",
          "benchmarks": [
            {
              "id": "511157780_0_0",
              "name": "pdf-parse esm build",
              "rank": 3,
              "rme": 1.5765281749214548,
              "samples": [],
              "totalTime": 1636.1158359999995,
              "min": 158.14971500000001,
              "max": 170.43300099999988,
              "hz": 6.112036678557033,
              "period": 163.61158359999996,
              "mean": 163.61158359999996,
              "variance": 13.003084012785514,
              "sd": 3.6059789257267596,
              "sem": 1.1403106599863704,
              "df": 9,
              "critical": 2.262,
              "moe": 2.5793827128891698,
              "p75": 166.34475900000007,
              "p99": 170.43300099999988,
              "p995": 170.43300099999988,
              "p999": 170.43300099999988,
              "sampleCount": 10,
              "median": 163.5170475
            },
            {
              "id": "511157780_0_1",
              "name": "pdf-parse cjs build",
              "rank": 2,
              "rme": 0.7771069077465972,
              "samples": [],
              "totalTime": 1570.6863979999998,
              "min": 154.79209900000023,
              "max": 160.16291399999955,
              "hz": 6.366643279481689,
              "period": 157.06863979999997,
              "mean": 157.06863979999997,
              "variance": 2.911758174034583,
              "sd": 1.7063874630442475,
              "sem": 0.539607095397622,
              "df": 9,
              "critical": 2.262,
              "moe": 1.220591249789421,
              "p75": 157.33268700000008,
              "p99": 160.16291399999955,
              "p995": 160.16291399999955,
              "p999": 160.16291399999955,
              "sampleCount": 10,
              "median": 156.5637195000004
            },
            {
              "id": "511157780_0_2",
              "name": "pdf-parse browser build",
              "rank": 1,
              "rme": 1.09062444573065,
              "samples": [],
              "totalTime": 1566.7357490000013,
              "min": 153.73383699999977,
              "max": 161.1032810000006,
              "hz": 6.382697277688781,
              "period": 156.67357490000012,
              "mean": 156.67357490000012,
              "variance": 5.706328387301397,
              "sd": 2.388792244482847,
              "sem": 0.7554024349511588,
              "df": 9,
              "critical": 2.262,
              "moe": 1.7087203078595212,
              "p75": 158.82495899999958,
              "p99": 161.1032810000006,
              "p995": 161.1032810000006,
              "p999": 161.1032810000006,
              "sampleCount": 10,
              "median": 156.32835550000027
            },
            {
              "id": "511157780_0_3",
              "name": "pdf2json",
              "rank": 4,
              "rme": 6.7323741446154175,
              "samples": [],
              "totalTime": 2907.7869380000047,
              "min": 271.76742100000047,
              "max": 357.4888919999994,
              "hz": 3.4390415161841488,
              "period": 290.7786938000005,
              "mean": 290.7786938000005,
              "variance": 748.9907398935551,
              "sd": 27.36769518782236,
              "sem": 8.65442511027483,
              "df": 9,
              "critical": 2.262,
              "moe": 19.576309599441668,
              "p75": 305.1931760000007,
              "p99": 357.4888919999994,
              "p995": 357.4888919999994,
              "p999": 357.4888919999994,
              "sampleCount": 10,
              "median": 278.00830100000167
            }
          ]
        }
      ]
    }
  ]
}