{
  "files": [
    {
      "filepath": "/home/runner/work/pdf-parse/pdf-parse/test/benchmark/package.bench.ts",
      "groups": [
        {
          "fullName": "test/benchmark/package.bench.ts > Parsing Files",
          "benchmarks": [
            {
              "id": "511157780_0_0",
              "name": "pdf-parse esm build",
              "rank": 3,
              "rme": 2.012131647782763,
              "samples": [],
              "totalTime": 1663.0057849999994,
              "min": 160.66923799999995,
              "max": 174.89527099999987,
              "hz": 6.013208186163949,
              "period": 166.30057849999994,
              "mean": 166.30057849999994,
              "variance": 21.883415309374463,
              "sd": 4.677971281375556,
              "sem": 1.4793044078003168,
              "df": 9,
              "critical": 2.262,
              "moe": 3.3461865704443166,
              "p75": 170.2646649999997,
              "p99": 174.89527099999987,
              "p995": 174.89527099999987,
              "p999": 174.89527099999987,
              "sampleCount": 10,
              "median": 164.80976399999986
            },
            {
              "id": "511157780_0_1",
              "name": "pdf-parse cjs build",
              "rank": 1,
              "rme": 1.4928344308527166,
              "samples": [],
              "totalTime": 1619.8351189999994,
              "min": 157.78510899999947,
              "max": 167.90676099999928,
              "hz": 6.17346783182073,
              "period": 161.98351189999994,
              "mean": 161.98351189999994,
              "variance": 11.4282493101436,
              "sd": 3.3805693766203944,
              "sem": 1.0690299018336016,
              "df": 9,
              "critical": 2.262,
              "moe": 2.4181456379476067,
              "p75": 163.27025499999945,
              "p99": 167.90676099999928,
              "p995": 167.90676099999928,
              "p999": 167.90676099999928,
              "sampleCount": 10,
              "median": 162.21677400000044
            },
            {
              "id": "511157780_0_2",
              "name": "pdf-parse browser build",
              "rank": 2,
              "rme": 1.011890991677504,
              "samples": [],
              "totalTime": 1622.1158649999988,
              "min": 157.97010500000033,
              "max": 165.49305399999957,
              "hz": 6.164787741595762,
              "period": 162.2115864999999,
              "mean": 162.2115864999999,
              "variance": 5.265577411540272,
              "sd": 2.294684599577962,
              "sem": 0.7256429846377812,
              "df": 9,
              "critical": 2.262,
              "moe": 1.641404431250661,
              "p75": 163.71687199999997,
              "p99": 165.49305399999957,
              "p995": 165.49305399999957,
              "p999": 165.49305399999957,
              "sampleCount": 10,
              "median": 162.82679749999943
            },
            {
              "id": "511157780_0_3",
              "name": "pdf2json",
              "rank": 4,
              "rme": 7.174503562289128,
              "samples": [],
              "totalTime": 3019.794507000004,
              "min": 275.9895310000011,
              "max": 377.11249300000054,
              "hz": 3.3114836048676826,
              "period": 301.9794507000004,
              "mean": 301.9794507000004,
              "variance": 917.3884996935564,
              "sd": 30.288421875257157,
              "sem": 9.578039985788095,
              "df": 9,
              "critical": 2.262,
              "moe": 21.66552644785267,
              "p75": 313.4794350000011,
              "p99": 377.11249300000054,
              "p995": 377.11249300000054,
              "p999": 377.11249300000054,
              "sampleCount": 10,
              "median": 294.2898490000007
            }
          ]
        }
      ]
    }
  ]
}