{
  "files": [
    {
      "filepath": "/home/runner/work/pdf-parse/pdf-parse/test/benchmark/package.bench.ts",
      "groups": [
        {
          "fullName": "test/benchmark/package.bench.ts > Parsing Files",
          "benchmarks": [
            {
              "id": "511157780_0_0",
              "name": "pdf-parse esm build",
              "rank": 3,
              "rme": 2.859390261482338,
              "samples": [],
              "totalTime": 1659.7701359999992,
              "min": 157.72261499999968,
              "max": 182.46226099999967,
              "hz": 6.024930671484262,
              "period": 165.9770135999999,
              "mean": 165.9770135999999,
              "variance": 44.02076226234105,
              "sd": 6.634814410542397,
              "sem": 2.0981125389821456,
              "df": 9,
              "critical": 2.262,
              "moe": 4.745930563177613,
              "p75": 167.39277400000037,
              "p99": 182.46226099999967,
              "p995": 182.46226099999967,
              "p999": 182.46226099999967,
              "sampleCount": 10,
              "median": 165.50993599999993
            },
            {
              "id": "511157780_0_1",
              "name": "pdf-parse cjs build",
              "rank": 2,
              "rme": 0.8866648178722477,
              "samples": [],
              "totalTime": 1602.7770650000002,
              "min": 157.64329100000032,
              "max": 164.3606749999999,
              "hz": 6.239170885565422,
              "period": 160.27770650000002,
              "mean": 160.27770650000002,
              "variance": 3.947116910477199,
              "sd": 1.9867352391491924,
              "sem": 0.6282608463430773,
              "df": 9,
              "critical": 2.262,
              "moe": 1.421126034428041,
              "p75": 161.4961890000004,
              "p99": 164.3606749999999,
              "p995": 164.3606749999999,
              "p999": 164.3606749999999,
              "sampleCount": 10,
              "median": 159.84867099999974
            },
            {
              "id": "511157780_0_2",
              "name": "pdf-parse browser build",
              "rank": 1,
              "rme": 1.599886132929075,
              "samples": [],
              "totalTime": 1598.2208649999984,
              "min": 155.9845749999995,
              "max": 167.83235999999943,
              "hz": 6.256957482531684,
              "period": 159.82208649999984,
              "mean": 159.82208649999984,
              "variance": 12.778107557789802,
              "sd": 3.5746478928406087,
              "sem": 1.1304029174497827,
              "df": 9,
              "critical": 2.262,
              "moe": 2.5569713992714087,
              "p75": 161.5029480000003,
              "p99": 167.83235999999943,
              "p995": 167.83235999999943,
              "p999": 167.83235999999943,
              "sampleCount": 10,
              "median": 158.79116699999986
            },
            {
              "id": "511157780_0_3",
              "name": "pdf2json",
              "rank": 4,
              "rme": 6.450528908174692,
              "samples": [],
              "totalTime": 2845.416508000002,
              "min": 264.4737619999996,
              "max": 344.15698300000076,
              "hz": 3.5144239769062287,
              "period": 284.5416508000002,
              "mean": 284.5416508000002,
              "variance": 658.4111003194773,
              "sd": 25.659522605057898,
              "sem": 8.114253510456011,
              "df": 9,
              "critical": 2.262,
              "moe": 18.3544414406515,
              "p75": 298.4033789999994,
              "p99": 344.15698300000076,
              "p995": 344.15698300000076,
              "p999": 344.15698300000076,
              "sampleCount": 10,
              "median": 272.6759310000007
            }
          ]
        }
      ]
    }
  ]
}