{
  "files": [
    {
      "filepath": "/home/runner/work/pdf-parse/pdf-parse/test/benchmark/package.bench.ts",
      "groups": [
        {
          "fullName": "test/benchmark/package.bench.ts > Parsing Files",
          "benchmarks": [
            {
              "id": "511157780_0_0",
              "name": "pdf-parse esm build",
              "rank": 3,
              "rme": 1.1662148859294377,
              "samples": [],
              "totalTime": 7958.0788349999975,
              "min": 152.9040729999997,
              "max": 184.89094099999966,
              "hz": 6.282923433743543,
              "period": 159.16157669999996,
              "mean": 159.16157669999996,
              "variance": 42.6309581473369,
              "sd": 6.529238711162037,
              "sem": 0.923373793729678,
              "df": 49,
              "critical": 2.0102,
              "moe": 1.8561660001553988,
              "p75": 161.1843800000006,
              "p99": 184.89094099999966,
              "p995": 184.89094099999966,
              "p999": 184.89094099999966,
              "sampleCount": 50,
              "median": 157.4198234999999
            },
            {
              "id": "511157780_0_1",
              "name": "pdf-parse cjs build",
              "rank": 2,
              "rme": 1.40043379690306,
              "samples": [],
              "totalTime": 7841.247761999997,
              "min": 153.27944099999877,
              "max": 205.56912199999897,
              "hz": 6.376536173529472,
              "period": 156.82495523999995,
              "mean": 156.82495523999995,
              "variance": 59.68249602444469,
              "sd": 7.725444713700609,
              "sem": 1.0925428689478933,
              "df": 49,
              "critical": 2.0102,
              "moe": 2.1962296751590555,
              "p75": 156.6477500000001,
              "p99": 205.56912199999897,
              "p995": 205.56912199999897,
              "p999": 205.56912199999897,
              "sampleCount": 50,
              "median": 154.90100950000033
            },
            {
              "id": "511157780_0_2",
              "name": "pdf-parse browser build",
              "rank": 1,
              "rme": 1.0316208939705431,
              "samples": [],
              "totalTime": 7748.427330000013,
              "min": 152.05766599999697,
              "max": 184.25171000000046,
              "hz": 6.452922363537211,
              "period": 154.96854660000025,
              "mean": 154.96854660000025,
              "variance": 31.624148889428046,
              "sd": 5.623535266131799,
              "sem": 0.7952879841846981,
              "df": 49,
              "critical": 2.0102,
              "moe": 1.5986879058080803,
              "p75": 154.47712300000057,
              "p99": 184.25171000000046,
              "p995": 184.25171000000046,
              "p999": 184.25171000000046,
              "sampleCount": 50,
              "median": 153.451789499999
            },
            {
              "id": "511157780_0_3",
              "name": "pdf2json",
              "rank": 4,
              "rme": 1.9287219968446214,
              "samples": [],
              "totalTime": 13677.405778999986,
              "min": 256.82311299999856,
              "max": 321.03265799999645,
              "hz": 3.6556640058722976,
              "period": 273.5481155799997,
              "mean": 273.5481155799997,
              "variance": 344.4277930630887,
              "sd": 18.55876593588832,
              "sem": 2.624605848744107,
              "df": 49,
              "critical": 2.0102,
              "moe": 5.275982677145404,
              "p75": 281.29365999999936,
              "p99": 321.03265799999645,
              "p995": 321.03265799999645,
              "p999": 321.03265799999645,
              "sampleCount": 50,
              "median": 263.9630685000011
            }
          ]
        }
      ]
    }
  ]
}