{
  "files": [
    {
      "filepath": "/home/runner/work/pdf-parse/pdf-parse/test/benchmark/package.bench.ts",
      "groups": [
        {
          "fullName": "test/benchmark/package.bench.ts > Parsing Files",
          "benchmarks": [
            {
              "id": "511157780_0_0",
              "name": "pdf-parse esm build",
              "rank": 3,
              "rme": 2.2167022622618826,
              "samples": [],
              "totalTime": 1686.406961000001,
              "min": 160.09176399999978,
              "max": 176.64533600000004,
              "hz": 5.929766794884568,
              "period": 168.6406961000001,
              "mean": 168.6406961000001,
              "variance": 27.312050084525012,
              "sd": 5.226093195162617,
              "sem": 1.652635776102073,
              "df": 9,
              "critical": 2.262,
              "moe": 3.7382621255428887,
              "p75": 172.6512730000004,
              "p99": 176.64533600000004,
              "p995": 176.64533600000004,
              "p999": 176.64533600000004,
              "sampleCount": 10,
              "median": 168.07398650000027
            },
            {
              "id": "511157780_0_1",
              "name": "pdf-parse cjs build",
              "rank": 1,
              "rme": 1.1400028626880785,
              "samples": [],
              "totalTime": 1634.028972,
              "min": 160.54818700000033,
              "max": 168.3237390000004,
              "hz": 6.119842531164129,
              "period": 163.4028972,
              "mean": 163.4028972,
              "variance": 6.781818888935946,
              "sd": 2.604192559880307,
              "sem": 0.8235179954886198,
              "df": 9,
              "critical": 2.262,
              "moe": 1.862797705795258,
              "p75": 165.50989899999968,
              "p99": 168.3237390000004,
              "p995": 168.3237390000004,
              "p999": 168.3237390000004,
              "sampleCount": 10,
              "median": 163.0055344999996
            },
            {
              "id": "511157780_0_2",
              "name": "pdf-parse browser build",
              "rank": 2,
              "rme": 5.46109209742269,
              "samples": [],
              "totalTime": 1670.1202079999994,
              "min": 160.3906019999995,
              "max": 202.79535399999986,
              "hz": 5.987592960135001,
              "period": 167.01202079999993,
              "mean": 167.01202079999993,
              "variance": 162.58080214544762,
              "sd": 12.75071771099367,
              "sem": 4.032130976858857,
              "df": 9,
              "critical": 2.262,
              "moe": 9.120680269654736,
              "p75": 164.42840400000023,
              "p99": 202.79535399999986,
              "p995": 202.79535399999986,
              "p999": 202.79535399999986,
              "sampleCount": 10,
              "median": 163.18771500000003
            },
            {
              "id": "511157780_0_3",
              "name": "pdf2json",
              "rank": 4,
              "rme": 4.8393498632654675,
              "samples": [],
              "totalTime": 2854.4787419999975,
              "min": 265.7143619999988,
              "max": 325.8802510000005,
              "hz": 3.503266586947316,
              "period": 285.4478741999998,
              "mean": 285.4478741999998,
              "variance": 372.9430055693929,
              "sd": 19.31173232958123,
              "sem": 6.106905972498617,
              "df": 9,
              "critical": 2.262,
              "moe": 13.813821309791871,
              "p75": 289.52189199999884,
              "p99": 325.8802510000005,
              "p995": 325.8802510000005,
              "p999": 325.8802510000005,
              "sampleCount": 10,
              "median": 280.0119340000001
            }
          ]
        }
      ]
    }
  ]
}