{
  "files": [
    {
      "filepath": "D:/repos-serdar/pdf-parse/test/benchmark/package.bench.ts",
      "groups": [
        {
          "fullName": "test/benchmark/package.bench.ts > Parsing Files",
          "benchmarks": [
            {
              "id": "511157780_0_0",
              "name": "pdf-parse esm build",
              "rank": 3,
              "rme": 1.9382647383744622,
              "samples": [],
              "totalTime": 957.730399999999,
              "min": 92.98709999999983,
              "max": 100.92020000000002,
              "hz": 10.441351762458423,
              "period": 95.7730399999999,
              "mean": 95.7730399999999,
              "variance": 6.7348439071115775,
              "sd": 2.5951577807739508,
              "sem": 0.8206609474753612,
              "df": 9,
              "critical": 2.262,
              "moe": 1.856335063189267,
              "p75": 96.33019999999988,
              "p99": 100.92020000000002,
              "p995": 100.92020000000002,
              "p999": 100.92020000000002,
              "sampleCount": 10,
              "median": 95.88189999999986
            },
            {
              "id": "511157780_0_1",
              "name": "pdf-parse cjs build",
              "rank": 1,
              "rme": 0.9873639496136445,
              "samples": [],
              "totalTime": 934.9303999999988,
              "min": 91.38200000000006,
              "max": 96.05099999999993,
              "hz": 10.695983358761264,
              "period": 93.49303999999988,
              "mean": 93.49303999999988,
              "variance": 1.6654357937775817,
              "sd": 1.290517645666878,
              "sem": 0.4080975120945461,
              "df": 9,
              "critical": 2.262,
              "moe": 0.9231165723578633,
              "p75": 94.32109999999966,
              "p99": 96.05099999999993,
              "p995": 96.05099999999993,
              "p999": 96.05099999999993,
              "sampleCount": 10,
              "median": 93.19965000000002
            },
            {
              "id": "511157780_0_2",
              "name": "pdf-parse node build",
              "rank": 4,
              "rme": 4.000633101679025,
              "samples": [],
              "totalTime": 963.1239000000005,
              "min": 92.88360000000011,
              "max": 110.69140000000061,
              "hz": 10.382880125807276,
              "period": 96.31239000000005,
              "mean": 96.31239000000005,
              "variance": 29.015934818779744,
              "sd": 5.386644114732265,
              "sem": 1.7034064347295317,
              "df": 9,
              "critical": 2.262,
              "moe": 3.853105355358201,
              "p75": 96.91120000000046,
              "p99": 110.69140000000061,
              "p995": 110.69140000000061,
              "p999": 110.69140000000061,
              "sampleCount": 10,
              "median": 94.35989999999947
            },
            {
              "id": "511157780_0_3",
              "name": "pdf-parse browser build",
              "rank": 2,
              "rme": 0.6568442793454075,
              "samples": [],
              "totalTime": 946.2410999999993,
              "min": 92.73750000000018,
              "max": 95.98480000000018,
              "hz": 10.56813110316177,
              "period": 94.62410999999993,
              "mean": 94.62410999999993,
              "variance": 0.7549935787778949,
              "sd": 0.8689036648431717,
              "sem": 0.27477146481719944,
              "df": 9,
              "critical": 2.262,
              "moe": 0.6215330534165051,
              "p75": 94.76499999999942,
              "p99": 95.98480000000018,
              "p995": 95.98480000000018,
              "p999": 95.98480000000018,
              "sampleCount": 10,
              "median": 94.65509999999995
            },
            {
              "id": "511157780_0_4",
              "name": "pdf2json",
              "rank": 5,
              "rme": 4.401736477582609,
              "samples": [],
              "totalTime": 2573.9542000000038,
              "min": 239.20070000000123,
              "max": 284.8054000000011,
              "hz": 3.8850730133426556,
              "period": 257.3954200000004,
              "mean": 257.3954200000004,
              "variance": 250.87911338400525,
              "sd": 15.83916391051009,
              "sem": 5.008783418995128,
              "df": 9,
              "critical": 2.262,
              "moe": 11.32986809376698,
              "p75": 267.66820000000007,
              "p99": 284.8054000000011,
              "p995": 284.8054000000011,
              "p999": 284.8054000000011,
              "sampleCount": 10,
              "median": 249.90750000000025
            }
          ]
        }
      ]
    }
  ]
}